1,O=C(O)CCCC=CCC1C(C=CC(O)C2CCCCC2)C2OC1C1OC2C(O)=O,-1.0
1,O=C(O)CCCC=CCC1C(C=CC(O)C2CCCCC2)C2OC1C1OC21,0.006756756756756757
1,O=C(O)CCCC=CCC1C(C=CC(N)C2CCCCC2)C2OC1C1OC21,0.013605442176870748
1,O=C(O)CCCC=CCC1C(C=CC(O)C2CCCCC2)C2NC1C1OC21,0.006756756756756757
1,O=C(O)CCC=CCC1C(C=CC(O)C2CCCC2)C2OC1C1OC21,0.007042253521126761
1,O=C(N)CCCC=CCC1C(C=CC(O)C2CCCCC2)C2OC1C1OC21,0.013605442176870748
1,O=C(O)CCCC=CCC1C(C=CC(O)C2CCCCC2)C2OC1C1OC21,0.006756756756756757
1,O=C(O)CCCC=CCC1C(C=CC(O)C2CCCCC2)C2OC1C1OC2c1ccccc1,-1.0
2,O=C(O)CCCC=CCC1C(C=CC(N)C2CCCCC2)C2OC1C1OC2=CC=CC=C2,-1.0
2,O=C(O)CCCC=CCC1C(C=CC(N)C2CCCCC2)C2OC1C1OC21C1CCCC1,0.012345679012345678
2,O=C(O)CCCC=CCC1C(C=CC(N)C2CCCCC2)C2OC1C1OC21N1CCCCC1,0.018292682926829267
2,O=C(O)CCCC=CCC1C(C=CC(N)C2CCCCC2)C2OC1C1OC21,0.013605442176870748
2,O=C(O)CCCC=CCC1C(C=CC(N)C2CCCCC2)C2OC1C1OC2N,-1.0
2,O=C(O)CCCC=CCC1C(C=CC(N)C2CCCCC2)C2OC1C1OC2O,-1.0
2,O=C(O)CCC=CCC1C(C=CC(N)C2CCCCC2)C2OC1C1OC21,0.013888888888888888
2,O=C(O)CCCC=CCC1C(C=CC(N)C2CCCCC2)C2OC1C1OC2C(O)=O,-1.0
3,O=C(O)CCCC=CCC1C(C=CC(N)C2CCCCC2)C2OC1C1OC21N1CCCCC1C1=NC=CC=C1,0.05714285714285714
3,O=C(O)CCCC=CCC1C(C=CC(N)C2CCCCC2)C2OC1C1OC21N1CCCCC1N,0.018072289156626505
3,O=C(O)CCCC=CCC1C(C=CC(N)C2CCCCC2)C2OC1C1OC21N1CCCCC1C(O)=O,0.023529411764705882
3,O=C(O)CCCC=CCC1C(C=CC(N)C2CCCCC2)C2OC1C1OC21OCCCCC1,-1.0
3,O=C(O)CCCC=CCC1C(C=CC(O)C2CCCCC2)C2OC1C1OC21N1CCCCC1,0.012121212121212121
3,O=C(O)CCCC=CCC1C(C=CC(N)C2CCCCC2)C2OC1C1OC21N1CCCCC1O,0.018072289156626505
3,O=C(O)CCC=CCC1C(C=CC(N)C2CCCC2)C2OC1C1OC21N1CCCC1,0.01935483870967742
3,O=C(O)CCCC=CCC1C(C=CC(N)C2CCCCC2)C2OC1C1OC21N1CCCCC1C1=CC=CC=C1,0.06321839080459771
4,O=C(O)CCCC=CCC1C(C=CC(N)C2CCCCC2)C2OC1C1OC21N1CCCCC1C1=CC=CC=C1C1=CN=CC=C1,0.10326086956521739
4,O=C(O)CCCC=CCC1C(C=CC(N)C2CCCCC2)C2OC1C1OC21N1CCCCC1C1=CC=CC=C1C(O)=O,0.06666666666666667
4,O=C(O)CCCC=CCC1C(C=CC(N)C2CCCCC2)C2OC1C1OC2C(C=CC=C1)=C1CCCCC1,0.04597701149425287
4,O=C(O)CCCC=CCC1C(C=CC(N)C2CCCCC2)C2NC1C1NC21N1CCCCC1C1=CC=CC=C1,0.06321839080459771
4,O=C(O)CCC=CCC1C(C=CC(N)C2CCCC2)C2OC1C1OC21N1CCCC1C1=CC=CC=C1,0.06666666666666667
4,O=C(O)CCCC=CCC1C(C=CC(N)C2CCCCC2)C2OC1C1OC21N1CCCCC1C1=CC=CC=C1O,0.0625
4,O=C(O)CCCC=CCC1C(C=CC(N)C2CCCCC2)C2OC1C1OC21N1CCCCC1C1=CC=CC=C1N,0.0625
4,O=C(O)CCCC=CCC1C(C=CC(N)C2CCCCC2)C2OC1C1OC21N1CCCCC1C1=CC=CC=C1C1=CC=CC=C1,0.1092896174863388
5,O=C(O)CCCC=CCC1C(C=CC(N)C2CCCCC2)C2OC1C1OC21N1CCCCC1C1=CC=CC=C1C1=CC=CC=C1,0.1092896174863388
5,O=C(O)CCCC=CCC1C(C=CC(N)C2CCCCC2)C2OC1C1OC21N1CCCC1C1=CC=CC=C1C1=CC=CC=C1,0.1111111111111111
5,O=C(O)CCCC=CCC1C(C=CC(N)C2CCCCC2)C2OC1C1OC21N1CCCCC1C1=CC=CC=C1C1=CC=CC=C1COOH,-1.0
5,O=C(O)CCCC=CCC1C(C=CC(N)C2CCCCC2)C2OC1C1OC21N1CCCCC1C1=CC=CC=C1C1=CC=CC=C1O,0.10215053763440861
5,O=C(O)CCCC=CCC1C(C=CC(N)C2CCCCC2)C2OC1C1OC21N1CCCCC1C1=CC=CC=C1C1=CC=CC=C1NH2,-1.0
5,O=C(O)CCCC=CCC1C(C=CC(N)C2CCCCC2)C2OC1C1OC21N1CCCCC1C1=CC=CC=C1C1=CC=CC=C1C3=CC=CC=C3,0.1218274111675127
5,O=C(O)CCCC=CCC1C(C=CC(N)C2CCCCC2)C2OC1C1OC21N1CCCCC1C1=CC=CC=C1C1=CC=CC=C1C3=CC=CC=C3C4=CC=CC=C4,0.12735849056603774
5,O=C(O)CCCC=CCC1C(C=CC(N)C2CCCC2)C2OC1C1OC21N1CCCC1C1=CC=CC=C1C1=CC=CC=C1,0.11299435028248588
6,O=C(O)CCCC=CCC1C(C=CC(N)C2CCCCC2)C2OC1C1OC21N1CCCCC1C1=CC=CC=C1C1=CC=CC=C1C3=CC=CC=C3C4=CC=CC=C4N,0.12093023255813953
6,O=C(O)CCCC=CCC1C(C=CC(N)C2CCCCC2)C2OC1C1OC21N1CCCCC1C1=CC=CC=C1C1=CC=CC=C1C3=CC=CC=C3C4=CC=CC=C4N(=O)=O,0.1232876712328767
6,O=C(O)CCCC=CCC1C(C=CC(N)C2CCCCC2)C2OC1C1OC21N1CCCCC1C1=CC=CC=C1C1=CC=CC=C1C3=CC=CC=C3C4=CC=CC=C4C#N,0.11926605504587157
6,O=C(O)CCCC=CCC1C(C=CC(N)C2CCCCC2)C2OC1C1OC21N1CCCCC1C1=CC=CC=C1C1=CC=CC=C1C3=CC=CC=C3C4=CC=CC=C4S(=O)(=O),0.1232876712328767
6,O=C(O)CCCC=CCC1C(C=CC(N)C2CCCCC2)C2OC1C1OC21N1CCCCC1C1=CC=CC=C1C1=CC=CC=C1C3=CC=CC=C3C4=CC=CC=C4C1CCNC1,0.11403508771929824
6,O=C(O)CCCC=CCC1C(C=CC(N)C2CCCCC2)C2OC1C1OC21N1CCCCC1C1=CC=CC=C1C1=CC=CC=C1C3=CC=CC=C3C4=CC=CC=C4F,0.1261682242990654
6,O=C(O)CCCC=CCC1C(C=CC(N)C2CCCCC2)C2OC1C1OC21N1CCCCC1C1=CC=CC=C1C1=CC=CC=C1C3=CC=CC=C3C4=CC=CC=C4CCC,0.12272727272727273
6,O=C(O)CCCC=CCC1C(C=CC(N)C2CCCCC2)C2OC1C1OC21N1CCCCC1C1=CC=CC=C1C1=CC=CC=C1C3=CC=CC=C3C4=CC=CC=C4O,0.12093023255813953
7,O=C(O)CCCC=CCC1C(C=CC(NC1CCNC1)C2CCCCC2)C2OC1C1OC21N1CCCCC1C1=CC=CC=C1C1=CC=CC=C1C3=CC=CC=C3C4=CC=CC=C4F,0.11255411255411256
7,O=C(O)CCCC=CCC1C(C=CC(N)C2CCCCC2)C2OC1C1OC21N1CCCCC1C1=CC=CC=C1C1=CC=CC=C1C3=CC=CC=C3C4=CC=CC=C4N(=O)=O,0.1232876712328767
7,O=C(O)CCCC=CCC1C(C=CC(N)C2CCCCC2)C2OC1C1OC21N1CCCCC1C1=CC=CC=C1C1=CC=CC=C1C3=CC=CC=C3C4=CC=CC=C4Br,0.12093023255813953
7,O=C(O)CCCC=CCC1C(C=CC(N)C2CCCCC2)C2OC1C1OC21N1CCCCC1C1=CC=CC=C1C1=CC=CC=C1C3=CC=CC=C3C4=CC=CC=C4S(=O)(=O),0.1232876712328767
7,O=C(O)CCCC=CCC1C(C=CC(N)C2CCCCC2)C2OC1C1OC21N1CCCCC1C1=CC=CC=C1C1=CC=CC=C1C3=CC=CC=C3C4=CC=CC=C4O,0.12093023255813953
7,O=C(O)CCCC=CCC1C(C=CC(N)C2CCCCC2)C2OC1C1OC21N1CCCCC1C1=CC=CC=C1C1=CC=CC=C1C3=CC=CC=C3C4=CC=CC=C4C1CCC1,0.11607142857142858
7,O=C(O)CCCC=CCC1C(C=CC(N)C2CCCCC2)C2OC1C1OC21N1CCCCC1C1=CC=CC=C1C1=CC=CC=C1C3=CC=CC=C3C4=CC=CC=C4c1ccsc1,0.11894273127753303
7,O=C(O)CCCC=CCC1C(C=CC(N)C2CCCCC2)C2OC1C1OC21N1CCCCC1C1=CC=CC=C1C1=CC=CC=C1C3=CC=CC=C3C4=CC=CC=C4c1ccsn1,0.11894273127753303
8,O=C(O)CCCC=CCC1C(C=CC(N)C2CCCCC2)C2OC1C1OC21N1CCCCC1C1=CC=CC=C1C1=CC=CC=C1C3=CC=CC=C3C4=CC=CC=C4CCBr,0.11764705882352941
8,O=C(O)CCCC=CCC1C(C=CC(N)C2CCCCC2)C2OC1C1OC21N1CCCCC1C1=CC=CC=C1C1=CC=CC=C1C3=CC=CC=C3C4=CC=CC=C4Cl,0.12093023255813953
8,O=C(O)CCCC=CCC1C(C=CC(N)C2CCCCC2)C2OC1C1OC21N1CCCCC1C1=CC=CC=C1C1=CC=CC=C1C3=CC=CC=C3C4=CC=CC=C4c1ccoc1,0.11894273127753303
8,O=C(O)CCCC=CCC1C(C=CC(N)C2CCCCC2)C2OC1C1OC21N1CCCCC1C1=CC=CC=C1C1=CC=CC=C1C3=CC=CC=C3C4=CC=CC=C4CBr,0.11926605504587157
8,O=C(O)CCCC=CCC1C(C=CC(N)C2CCCCC2)C2OC1C1OC21N1CCCCC1C1=CC=CC=C1C1=CC=CC=C1C3=CC=CC=C3C4=CC=CC=C4Cc1ccccc1,0.1111111111111111
8,O=C(O)CCCC=CCC1C(C=CC(N)C2CCCCC2)C2OC1C1OC21N1CCCCC1C1=CC=CC=C1C1=CC=CC=C1C3=CC=CC=C3C4=CC=CC=C4S(=O)(=O)Br,0.13761467889908258
8,O=C(O)CCCC=CCC1C(C=CC(N)C2CCCCC2)C2OC1C1OC21N1CCCCC1C1=CC=CC=C1C1=CC=CC=C1C3=CC=CC=C3C4=CC=CC=C4F,0.1261682242990654
8,O=C(O)CCCC=CCC1C(C=CC(N)C2CCCCC2)C2OC1C1OC21N1CCCCC1C1=CC=CC=C1C1=CC=CC=C1C3=CC=CC=C3C4=CC=CC=C4c1ccncc1,0.1222707423580786
9,O=C(O)CCCC=CCC1C(C=CC(NC1CCNCC1)C2CCCCC2)C2OC1C1OC21N1CCCCC1C1=CC=CC=C1C1=CC=CC=C1C3=CC=CC=C3C4=CC=CC=C4S(=O)(=O)Br,0.12184873949579832
9,O=C(O)CCCC=CCC1C(C=CC(N)C2CCCCC2CC)C2OC1C1OC21N1CCCCC1C1=CC=CC=C1C1=CC=CC=C1C3=CC=CC=C3C4=CC=CC=C4S(=O)(=O)Br,0.13963963963963963
9,O=C(O)CCCC=CCC1C(C=CC(N)C2CCCCC2)C2OC1C1OC21N1CCCCC1C1=CC=CC=C1C1=CC=CC=C1C3=CC=CC=C3C4=CC=CC=C4S(=O)(=O)OBr,0.13574660633484162
9,O=C(O)CCCC=CCC1C(C=CC(N)C2CCCCC2)C2OC1C1OC21N1CCCCC1C1=CC=CC=C1C1=CC=CC=C1C3=CC=CC=C3C4=CC=CC=C4S(=O)(=O)NBr,0.13574660633484162
9,O=C(O)CCCC=CCC1C(C=CC(N)C2CCCCC2)C2OC1C1OC21N1CCCCC1C1=CC=CC=C1C1=CC=CC=C1C3=CC=CC=C3C4=CC=CC=C4S(=O)(=O)BrC1CCCCC1,-1.0
9,O=C(O)CCCC=CCC1C(C=CC(N)C2CCCCC2)C2OC1C1OC21N1CCCCC1C1=CC=CC=C1C1=CC=CC=C1C3=CC=CC=C3C4=CC=CC=C4S(=O)(=O)BrOC,-1.0
9,O=C(O)CCCC=CCC1C(C=CC(N)C2CCCCC2)C2OC1C1OC21N1CCCCC1C1=CC=CC=C1C1=CC=CC=C1C3=CC=CC=C3C4=CC=CC=C4S(=O)(=O)BrC1CC1,-1.0
9,O=C(O)CCCC=CCC1C(C=CC(N)C2CCCCC2)C2OC1C1OC21N1CCCCC1C1=CC=CC=C1C1=CC=CC=C1C3=CC=CC=C3C4=CC=CC=C4S(=O)(=O)BrC1=CSC=N1,-1.0
10,O=C(O)CCCC=CCC1C(C=CC(N)C2CCCCC2CC)C2OC1C1OC21N1CCCCC1C1=CC=CC=C1C1=CC=CC=C1C3=CC=CC=C3C4=CC=CC=C4S(=O)(=O)C1CCC1Br,0.13247863247863248
10,O=C(O)CCCC=CCC1C(C=CC(N)C2CCCCC2CC)C2OC1C1OC21N1CCCCC1C1=CC=CC=C1C1=CC=CC=C1C3=CC=CC=C3C4=CC=CC=C4S(=O)(=O)C1CCNC1Br,0.1308016877637131
10,O=C(O)CCCC=CCC1C(C=CC(N)C2CCCCC2CC)C2OC1C1OC21N1CCCCC1C1=CC=CC=C1C1=CC=CC=C1C3=CC=CC=C3C4=CC=CC=C4c1ccsc1Br,0.11538461538461539
10,O=C(O)CCCC=CCC1C(C=CC(N)C2CCCCC2CC)C2OC1C1OC21N1CCCCC1C1=CC=CC=C1C1=CC=CC=C1C3=CC=CC=C3C4=CC=CC=C4CCCBr,0.11842105263157894
10,O=C(O)CCCC=CCC1C(C=CC(N)C2CCCCC2CC)C2OC1C1OC21N1CCCCC1C1=CC=CC=C1C1=CC=CC=C1C3=CC=CC=C3C4=CC=CC=C4S(=O)(=O)S(=O)(=O)Br,0.13537117903930132
10,O=C(O)CCCC=CCC1C(C=CC(N)C2CCCCC2CC)C2OC1C1OC21N1CCCCC1C1=CC=CC=C1C1=CC=CC=C1C3=CC=CC=C3C4=CC=CC=C4C(F)(F)FBr,-1.0
10,O=C(O)CCCC=CCC1C(C=CC(N)C2CCCCC2CC)C2OC1C1OC21N1CCCCC1C1=CC=CC=C1C1=CC=CC=C1C3=CC=CC=C3C4=CC=CC=C4C(=O)OBr,0.12389380530973451
10,O=C(O)CCCC=CCC1C(C=CC(N)C2CCCCC2CC)C2OC1C1OC21N1CCCCC1C1=CC=CC=C1C1=CC=CC=C1C3=CC=CC=C3C4=CC=CC=C4C(=O)CBr,0.12389380530973451
1,C#CCCCCCCCCCCCCCCCCO,0.0
1,C#CCCCCCCCCCCCCCCNN,0.00819672131147541
1,C#CCCCCCCCCCC,0.009615384615384616
1,C#CCCCCCCCCCCCCCCCC1=CC=CC=C1,0.061068702290076333
1,C#CCCCC1CCCC1,0.0
1,C#CCCCCCCCCCCCCCCCCO,0.0
1,C#CCCCCCCCCCCCC(O)C,0.008695652173913044
1,C#CCCCC1=CC=CC=C1C,0.10526315789473684
2,C#CCCCC1=CC=CC=C1,0.08421052631578947
2,C#CCCCC1=CC=CC=C1C1=CC=CC=C1,0.16346153846153846
2,C#CCCCC1=CC=CC=C1C1=CN=CC=C1,0.1523809523809524
2,C#CCCCC1=CC(O)=CC=C1C,0.11458333333333333
2,C#CCCCC1=CC=CC=C1C,0.10526315789473684
2,C#CCCCC1=CC=CC=C1C,0.10526315789473684
2,C#CCCCC1=CC(N)=CC=C1C,0.12631578947368421
2,C#CCCC1=CC=CC=C1C,0.10869565217391304
3,C#CCCCC1=CC=CC=C1C1=CC=CC=C1O,0.14953271028037382
3,C#CCCCC1=CC=CC=C1C1=CC=CC=C1C1=CN=CC=C1,0.17796610169491525
3,C#CCCCC1=CC=CC=C1C1=CC=CC=C1,0.16346153846153846
3,C#CCCCC1=CC=CC=C1C1=CC=CC=C1,0.16346153846153846
3,C#CCCCC1=CC=CC=C1C1=CC=CC=C1C1=CC=CC=C1,0.17796610169491525
3,C#CCCCC1=CC=CC=C1C1=CC=CC=C1NH2,-1.0
3,C#CCCCC1=CC=CC=C1C1=CC=CC=C1,0.16346153846153846
3,C#CCC1=CC=CC=C1C1=CC=CC=C1,0.17346938775510204
4,C1=CC=CC=C1C1=CC=CC=C1C1=CN=CC=C1,0.19047619047619047
4,C#CCCCC1=CC=CC=C1C1=CC=CC=C1C1=CO=CC=C1,-1.0
4,C#CCCCC1=CC=CC=C1C1=CC=CC=C1C1=CC=CC1,0.15254237288135594
4,C#CCCCC1=CC=CC=C1C1=CC=CC=C1C1=CC=CC=C1C1=CC=CC=C1,0.18045112781954886
4,C#CCCC1=CC=CC=C1C1=CC=CC=C1C1=CN=CC=C1,0.1826086956521739
4,C#CCCCC1=CC=CC=C1C1=CC=CC=C1C1=CN=CC=C1N,0.18487394957983194
4,C#CCC1=CC=CC=C1C1=CC=CC=C1C1=CN=CC=C1,0.1875
4,C#CCCCC1=CC=CC=C1C1=CC=CC=C1C1=CN=CC=C1C(O)=O,0.1774193548387097
5,C1=CC=CC=C1C1=CC=CC=C1C1=CN=CC=C1,0.19047619047619047
5,C1=CC=CC=C1C1=CC=CC=C1C1=CC=CC=C1,0.19047619047619047
5,C1=CC=CC(CN)C=C1C1=CC=CC=C1C1=CN=CC=C1,0.16666666666666666
5,C1=CC=CC=C1C1=CC=CC=C1C1=CNC=CC=C1,0.16363636363636364
5,C1=CC=CC=C1C1=CC=CC=C1C1=CO=CC=C1,-1.0
5,C1=CC=CC(COOH)C=C1C1=CC=CC=C1C1=CN=CC=C1,-1.0
5,C1=CC=CC=C1C1=CC=CC=C1C1=CN=CC=C1,0.19047619047619047
5,C1=CC=CC=C1C1=CC=CC=C1C1=CO=CC=C1,-1.0
1,[N-]=[N+]=NCC1(O)OC(C(O)C(=O)O)C(O)C(O)C1O,0.008403361344537815
1,[N-]=[N+]=NCC1=CC=CC=C1O,0.0851063829787234
1,[N-]=[N+]=NCC1(O)OC(CO)C(O)C(O)C1Oc1ccncc1,0.06451612903225806
1,[N-]=[N+]=NCC1(O)OC(C(O))C(O)C(O)C1O,0.0
1,[N-]=[N+]=NCC1(O)OC(CO)C(O)C(O)C1O,0.0
1,[N-]=[N+]=NCC1(O)OC(CO)C(O)C(O)C1Oc1ccccc1,0.06451612903225806
1,CC([N-]=[N+]=NCC1(O)OC(CO)C(O)C1O)=O,-1.0
1,[N-]=[N+]=NCC1(N)NC(CO)C(O)C(O)C1N,0.008928571428571428
2,[N-]=[N+]=NCC1=CC=CC=C1N,0.0967741935483871
2,[N-]=[N+]=NCC1=CC=CC(CN)C1O,0.049019607843137254
2,[N-]=[N+]=NCC1=CC=CC(C(OH))C1O,-1.0
2,[N-]=[N+]=NCC1=CC=CC(COOH)C1O,-1.0
2,[N-]=[N+]=NCC1=CC=CC=C1O,0.0851063829787234
2,[N-]=[N+]=NCC1=CC=CC=C1O,0.0851063829787234
2,[N-]=[N+]=OCC1=CC=CC=C1O,-1.0
2,c1ccc(cc1)N=[N+]=[N-],0.0898876404494382
3,[N-]=[N+]=NCC1=CC=CC=C1Nc2ccncc2,0.1523809523809524
3,[N-]=[N+]=OCC1=CC=CC=C1N,-1.0
3,[N-]=[N+]=NCC1=CC=CC=C1NC(=N)N,0.0891089108910891
3,C1CC(N=[N+]=[N-])CN1C1=CC=CC=C1,0.09803921568627451
3,[N-]=[N+]=NCC1=CC=CC=C1S,0.0851063829787234
3,[N-]=[N+]=NCC1=CC=CC=C1NC(=O)O,0.0891089108910891
3,[N-]=[N+]=NCC1=CC=CC=C1NO,0.08247422680412371
3,[N-]=[N+]=OCC1=CC=CC=C1O,-1.0
4,[N-]=[N+]=NCC1=CC=CC=C1Nc2ccncc2C(=O)O,0.14285714285714285
4,[N-]=[N+]=NCC1=CC=CC=C1Nc2ccncc2O,0.1388888888888889
4,[N-]=[N+]=NCC1=CC=CC=C1Nc2cccnc2,0.14150943396226415
4,[N-]=[N+]=NCC1=CC=CC=C1Nc2ccnc2,-1.0
4,[N-]=[N+]=NCC1=CC=CC=C1Nc2ccncc2S(=O)(=O)O,0.18181818181818182
4,[N-]=[N+]=NCC1=CC=CC=C1Nc2ccncc2,0.1523809523809524
4,[N-]=[N+]=NCC1=CC=CC=C1Nc2ccncc2C1=CC=CC=C1,0.17796610169491525
4,[N-]=[N+]=NCC1=CC=CC=C1Nc2ccncc2C1=CN=CC=C1,0.16806722689075632
5,[N-]=[N+]=NCC1=CC=CC=C1Nc2ccncc2S(=O)(=O)O,0.18181818181818182
5,[N-]=[N+]=NCC1=CC=CC=C1Nc2ccncc2S(=O)(=O)N,0.21495327102803738
5,[N-]=[N+]=NCC1=CC=CC=C1Nc2ccncc2S(=O)(=O)COOH,-1.0
5,[N-]=[N+]=NCC1=CC=CC=C1Nc2ccnc(c2)S(=O)(=O)O,0.1926605504587156
5,[N-]=[N+]=NCC1=CC=CC=C1Nc2ccncc2O,0.1388888888888889
5,[N-]=[N+]=NCC1=CC=CC=C1Nc2ccncc2S(=O)(=O)OH,-1.0
5,[N-]=[N+]=NCC1=CC=CC=C1Nc2ccncc2NH2,-1.0
5,[N-]=[N+]=NCC1=CC=CC=C1Nc2ccncc2SO,0.13513513513513514
1,CC1CCC2(OC1)OC1CC3C4CCC5CC(OC6OC(CO)C(O)C(O)C6OC6OC(CO)C(O)C(O)C6O)CCC5(C)C4CCC3(C)C1(O)C2CC1CCC(C1=CC=CC=C1)C,-1.0
1,CC1CCC2(OC1)OC1CC3C4CCC5CC(OC6OC(CO)C(O)C(O)C6OC6OC(CO)C(O)C(O)C6O)C1CC(C2)C1C4CCC3(C)C1(O)C2C,-1.0
1,CC1CCC2(OC1)OC1CC3C4CCC5CC(OC6OC(CO)C(O)C(O)C6OC6OC(CO)C(O)C(O)C6O)CCC5(C)C4CCC3(C)C1(O)C2C1=CC=CC=C1,0.04
1,CC1CCC2(OC1)OC1CC3C4CCC5CC(OC6OC(CO)C(O)C(O)C6OC6OC(CO)C(O)C(O)C6O)CCC5(C)C4CCC3(C)C1(O)C2CO,0.004545454545454545
1,CC1CC2(OC1)OC1CC3C4CCC5CC(OC6OC(CO)C(O)C(O)C6OC6OC(CO)C(O)C(O)C6O)CCC5C4CCC3(C)C1(O)C2C,0.0047169811320754715
1,CC1CCC2(OC1)OC1CC3C4CCC5CC(OC6OC(CO)C(O)C(O)C6OC6OC(CO)C(O)C(O)C6O)CCC5(C)C4CCC3(C)C1(O)C2CN,0.0091324200913242
1,CC1CCC2(OC1)OC1CC3C4CCC5CC(OC6OC(CO)C(O)C(O)C6OC6OC(CO)C(O)C6O)CCC5(C)C4CCC3(C)C1(O)C2C,0.0047169811320754715
1,CC1CCC2(OC1)OC1CC3C4CCC5CC(OC6OC(CO)C(O)C(O)C6OC6OC(CO)C(O)C(O)C6O)CCC5(C)C4CCC3(C)C1(O)C2CO,0.004545454545454545
2,CC1CCC2(OC1)OC1CC3C4CCC5CC(OC6OC(CO)C(O)C(O)C6OC6OC(CO)C(O)C(O)C6O)CCC5(C)C4CCC3(C)C1(O)C2C1=CC=CC=C1,0.04
2,CC1CCC2(NC1)NC1CC3C4CCC5CC(NC6OC(CO)C(O)C(O)C6OC6OC(CO)C(O)C(O)C6O)CCC5(C)C4CCC3(C)C1(O)C2C1=CC=CC=C1,0.04
2,CC1CCC2(OC1)OC1CC3C4CCC5CC(OC6OC(CO)C(O)C(O)C6OC6OC(CO)C(O)C(O)C6O)CCC5(C)C4CCC3(C)C1(O)C2C1=CC=CC=C1C1=CC=CC=C1,0.07692307692307693
2,CC1CCC2(OC1)OC1CC3C4CCC5CC(OC6OC(CO)C(O)C(O)C6OC6OC(CO)C(O)C(O)C6O)CCC5(C)C4CCC3(C)C1(N)C2C1=CC=CC=C1,0.044642857142857144
2,CC1CCC2(NC1)NC1CC3C4CCC5CC(NC6OC(CO)C(O)C(O)C6OC6OC(CO)C(O)C(O)C6O)CCC5(C)C4CCC3(C)C1(O)C2C1=CC=CC=C1,0.04
2,CC1CCC2(OC1)OC1CC3C4CCC5CC(OC6OC(CO)C(O)C(O)C6OC6OC(CO)C(O)C(O)C6O)CCC5(C)C4CCC3(C)C1(O)C2C1=CC=CC=C1,0.04
2,CC1=CC=CC=C1C2CCC3(OC2)OC2CC3C4CCC5CC(OC6OC(CO)C(O)C(O)C6OC6OC(CO)C(O)C(O)C6O)CCC5(C)C4CCC3(C)C2(O)C3C2,-1.0
2,CC1CCC2(OC1)OC1CC3C4CCC5CC(OC6OC(CO)C(O)C(O)C6OC6OC(CO)C(O)C(O)C6O)CCC5(C)C4CCC3(C)C1(O)C2C1=CC=CC=C1,0.04
3,CC1CCC2(OC1)OC1CC3C4CCC5CC(OC6OC(CO)C(O)C(O)C6OC6OC(CO)C(O)C(O)C6O)CCC5(C)C4CCC3(C)C1(O)C2C1=CC=CC=C1C1=CC=CC=C1,0.07692307692307693
3,CC1CCC2(OC1)OC1CC3C4CCC5CC(OC6OC(CO)C(O)C(O)C6OC6OC(CO)C(O)C(O)C6O)CCC5(C)C4CCC3(C)C1(O)C2C1=CC=CC=C1C1=CC=CC=C1,0.07692307692307693
3,CC1CCC2(OC1)OC1CC3C4CCC5CC(OC6OC(CO)C(O)C(O)C6OC6OC(CO)C(O)C(O)C6O)CCC5(C)C4CCC3(C)N1C2C1=CC=CC=C1C1=CC=CC=C1,0.08225108225108226
3,CC1CCC2(OC1)OC1CC3C4CCC5CC(OC6OC(CO)C(O)C(O)C6OC6OC(CO)C(O)C(O)C6O)CCC5(C)C4CCC3(C)C1(O)C2C1=CC=CC=C1C1=CC=CC=C1C1=CN=CC=C1,0.08870967741935484
3,CC1CCC2(OC1)OC1CC3C4CCC5CC(OC6OC(CO)C(O)C(O)C6OC6OC(CO)C(O)C(O)C6O)CCC5(C)C4CCC3(C)C1(O)C2C1=CC=CC=C1C1=CC=CC=C1C(O)=O,0.07468879668049792
3,CC1=CC=CC=C1C1CCC2(OC1)OC1CC3C4CCC5CC(OC6OC(CO)C(O)C(O)C6OC6OC(CO)C(O)C(O)C6O)CCC5(C)C4CCC3(C)C1(O)C2C1=CC=CC=C1,0.07692307692307693
3,CC1CCC2(OC1)OC1CC3C4CCC5CC(OC6OC(CO)C(O)C(O)C6OC6OC(CO)C(O)C(O)C6O)CCC5(C)C4CCC3(C)C1(O)C2C1=CC=CC=C1C1=CC=CC=C1O,0.07172995780590717
3,CC1CCC2(NC1)NC1CC3C4CCC5CC(OC6OC(CO)C(O)C(O)C6OC6OC(CO)C(O)C(O)C6O)CCC5(C)C4CCC3(C)C1(O)C2C1=CC=CC=C1C1=CC=CC=C1,0.07692307692307693
4,CC1CCC2(OC1)OC1CC3C4CCC5CC(OC6OC(CO)C(O)C(O)C6OC6OC(CO)C(O)C(O)C6O)CCC5(C)C4CCC3(C)C1(O)C2C1=CC=CC=C1C1=CC=CC=C1C1=CN=CC=C1C1=CC=CC=C1,0.09505703422053231
4,CC1CCC2(OC1)OC1CC3C4CCC5CC(OC6OC(CO)C(O)C(O)C6OC6OC(CO)C(O)C(O)C6O)CCC5(C)C4CCC3(C)C1(O)C2C1=CC=CC=C1C1=CC=CC=C1C1=CN=CC=C1C1=CN=CC=C1,0.09090909090909091
4,CC1CCC2(OC1)OC1CC3C4CCC5CC(OC6OC(CO)C(O)C(O)C6OC6OC(CO)C(O)C(O)C6O)CCC5(C)C4CCC3(C)C1(O)C2C1=CC=CC=C1C1=CC=CC=C1C1=CN=CC=C1C(O)=O,0.09055118110236221
4,CC1CCC2(OC1)OC1CC3C4CCC5CC(OC6OC(CO)C(O)C(O)C6OC6OC(CO)C(O)C(O)C6O)CCC5(C)C4CCC3(C)C1(O)C2C1=CC=CC=C1C1=CC=CC=C1C1=CN=CC=C1O,0.088
4,CC1CCC2(OC1)OC1CC3C4CCC5CC(OC6OC(CO)C(O)C(O)C6OC6OC(CO)C(O)C(O)C6O)CCC5(C)C4CCC3(C)C1(O)C2C1=CC=CC=C1C1=CC=CC=C1C1=CN=CC=C1,0.08870967741935484
4,CC1CCC2(OC1)OC1CC3C4CCC5CC(OC6OC(CO)C(O)C(O)C6OC6OC(CO)C(O)C(O)C6O)C1CC1C1CCC1C4CCC3(C)C1(O)C2C1=CC=CC=C1C1=CC=CC=C1C1=CN=CC=C1,-1.0
4,CC1CCC2(OC1)OC1CC3C4CCC5CC(OC6OC(CO)C(O)C(O)C6OC6OC(CO)C(O)C(O)C6O)CCC5(C)C4CCC3(C)C1(O)C2C1=CC=CC=C1C1=CC=CC=C1C1=CN=CC=C1N,0.09236947791164658
4,CC1CCC2(OC1)OC1CC3C4CCC5CC(OC6OC(CO)C(O)C(O)C6OC6OC(CO)C(O)C(O)C6O)CCC5(C)C4CCC3(C)C1(O)C2C1=CC=CC=C1C1=CC=CC=C1C1=CN=CC=C1,0.08870967741935484
5,CC1CCC2(OC1)OC1CC3C4CCC5CC(OC6OC(CO)C(O)C(O)C6OC6OC(CO)C(O)C(O)C6O)CCC5(C)C4CCC3(C)C1(O)C2C1=CC=CC=C1C1=CC=CC=C1C1=CN=CC=C1C1=CC=CC=C1,0.09505703422053231
5,CC1CCC2(OC1)OC1CC3C4CCC5CC(OC6OC(CO)C(O)C(O)C6OC6OC(CO)C(O)C(O)C6O)CCC5(C)C4CCC3(C)C1(O)C2C1=CC=CC=C1C1=CC=CC=C1C1=CO=CC=C1C1=CC=CC=C1,-1.0
5,CC1CCC2(OC1)OC1CC3C4CCC5CC(OC6OC(CO)C(O)C(O)C6OC6OC(CO)C(O)C(O)C6O)CCC5(C)C4CCC3(C)C1(O)C2C1=CC=CC=C1C1=CC=CC=C1C1=CN=CC=C1C1=CC=CC=C1O,0.09022556390977443
5,C1CC2C3CCC4CC(OC5OC(CO)C(O)C(O)C5OC5OC(CO)C(O)C(O)C5O)CCC4(C)C3CCC2(C)C1OCC1=CC=CC=C1C1=CC=CC=C1C1=CN=CC=C1C1=CC=CC=C1,0.1037344398340249
5,CC1CCC2(OC1)OC1CC3C4CCC5CC(OC6OC(CO)C(O)C(O)C6OC6OC(CO)C(O)C(O)C6O)CCC5(C)C4CCC3(C)C1(O)C2C1=CC=CC=C1C1=CC=CC=C1C1=CN=CC=C1C1=CC=CC=C1C(O)O,0.08856088560885608
5,CC1CCC2(OC1)OC1CC3C4CCC5CC(OC6OC(CO)C(O)C(O)C6OC6OC(CO)C(O)C(O)C6O)CCC5(C)C4CCC3(C)C1(O)C2C1=CC=CC=C1C1=CC=CC=C1C1=CN=CC=C1C1=CC=CC=C1N,0.09433962264150944
5,CC1CCC2(NC1)NC1CC3C4CCC5CC(OC6OC(CO)C(O)C(O)C6OC6OC(CO)C(O)C(O)C6O)CCC5(C)C4CCC3(C)C1(O)C2C1=CC=CC=C1C1=CC=CC=C1C1=CN=CC=C1C1=CC=CC=C1,0.09505703422053231
5,CC1CCC2(OC1)OC1CC3C4CCC5CC(OC6OC(CO)C(O)C(O)C6OC6OC(CO)C(O)C(O)C6O)CCC5(C)C4CCC3(C)C1(O)C2C1=CC=CC=C1C1=CC=CC=C1C1=CO=CC=C1C1=CC=CC=C1,-1.0
6,C1CC2C3CCC4CC(OC5OC(CO)C(O)C(O)C5OC5OC(CO)C(O)C(O)C5O)CCC4(C)C3CCC2(C)C1OCC1=CC=CC=C1C1=CC=CC=C1C1=CN=CC=C1C1=CC=CC=C1c1ccoc1,0.10196078431372549
6,C1CC2C3CCC4CC(OC5OC(CO)C(O)C(O)C5OC5OC(CO)C(O)C(O)C5O)CCC4(C)C3CCC2(C)C1OCC1=CC=CC=C1C1=CC=CC=C1C1=CN=CC=C1C1=CC=CC=C1c1ccncc1,0.10077519379844961
6,C1CC2C3CCC4CC(OC5OC(CO)C(O)C(O)C5OC5OC(CO)C(O)C(O)C5O)CCC4(C)C3CCC2(C)C1OCC1=CC=CC=C1C1=CC=CC=C1C1=CN=CC=C1C1=CC=CC=C1CCC,0.096
6,C1CC2C3CCC4CC(OC5OC(CO)C(O)C(O)C5OC5OC(CO)C(O)C(O)C5O)CCC4(C)C3CCC2(C)C1OCC1=CC=CC=C1C1=CC=CC=C1C1=CN=CC=C1C1=CC=CC=C1c1ccsn1,0.09765625
6,C1CC2C3CCC4CC(OC5OC(CO)C(O)C(O)C5OC5OC(CO)C(O)C(O)C5O)CCC4(C)C3CCC2(C)C1OCC1=CC=CC=C1C1=CC=CC=C1C1=CN=CC=C1C1=CC=CC=C1C1CCCCC1,0.09230769230769231
6,C1CC2C3CCC4CC(OC5OC(CO)C(O)C(O)C5OC5OC(CO)C(O)C(O)C5O)CCC4(C)C3CCC2(C)C1OCC1=CC=CC=C1C1=CC=CC=C1C1=CN=CC=C1C1=CC=CC=C1C1COCCN1,0.09230769230769231
6,C1CC2C3CCC4CC(OC5OC(CO)C(O)C(O)C5OC5OC(CO)C(O)C(O)C5O)CCC4(C)C3CCC2(C)C1OCC1=CC=CC=C1C1=CC=CC=C1C1=CN=CC=C1C1=CC=CC=C1F,0.102880658436214
6,C1CC2C3CCC4CC(OC5OC(CO)C(O)C(O)C5OC5OC(CO)C(O)C(O)C5O)CCC4(C)C3CCC2(C)C1OCC1=CC=CC=C1C1=CC=CC=C1C1=CN=CC=C1C1=CC=CC=C1Br,0.09836065573770492
7,C1CC2C3CCC4CC(OC5OC(CO)C(O)C(O)C5OC5OC(CO)C(O)C(O)C5O)CCC4(C)C3CCC2(C)C1OCC1=CC=CC=C1C1=CC=CC=C1C1=CN=CC=C1C1=CC=CC=C1N1COCCN1,0.09652509652509653
7,C1CC2C3CCC4CC(OC5OC(CO)C(O)C(O)C5OC5OC(CO)C(O)C(O)C5O)CCC4(C)C3CCC2(C)C1OCC1=CC=CC=C1C1=CC=CC=C1C1=CN=CC=C1C1=CC=CC=C1C1CCNCC1,0.09230769230769231
7,C1CC2C3CCC4CC(OC5OC(CO)C(O)C(O)C5OC5OC(CO)C(O)C(O)C5O)CCC4(C)C3CCC2(C)C1OCC1=CC=CC=C1C1=CC=CC=C1C1=CN=CC=C1C1=CC=CC=C1C1=CNC=N1,0.0933852140077821
7,C1CC2C3CCC4CC(OC5OC(CO)C(O)C(O)C5OC5OC(CO)C(O)C(O)C5O)CCC4(C)C3CCC2(C)C1OCC1=CC=CC=C1C1=CC=CC=C1C1=CN=CC=C1C1=CC=CC=C1C1COCC1,0.0933852140077821
7,C1CC2C3CCC4CC(OC5OC(CO)C(O)C(O)C5OC5OC(CO)C(O)C(O)C5O)CCC4(C)C3CCC2(C)C1OCC1=CC=CC=C1C1=CC=CC=C1C1=CN=CC=C1C1=CC=CC=C1S(=O)(=O)C,0.11788617886178862
7,C1CC2C3CCC4CC(OC5OC(CO)C(O)C(O)C5OC5OC(CO)C(O)C(O)C5O)CCC4(C)C3CCC2(C)C1OCC1=CC=CC=C1C1=CC=CC=C1C1=CN=CC=C1C1=CC=CC=C1C1CCCCC1,0.09230769230769231
7,C1CC2C3CCC4CC(OC5OC(CO)C(O)C(O)C5OC5OC(CO)C(O)C(O)C5O)CCC4(C)C3CCC2(C)C1OCC1=CC=CC=C1C1=CC=CC=C1C1=CN=CC=C1C1=CC=CC=C1OC,0.09716599190283401
7,C1CC2C3CCC4CC(OC5OC(CO)C(O)C(O)C5OC5OC(CO)C(O)C(O)C5O)CCC4(C)C3CCC2(C)C1OCC1=CC=CC=C1C1=CC=CC=C1C1=CN=CC=C1C1=CC=CC=C1C#N,0.09716599190283401
8,C1CC2C3CCC4CC(OC5OC(CO)C(O)C(O)C5OC5OC(CO)C(O)C(O)C5O)CCC4(C)C3CCC2(C)C1OCC1=CC=CC=C1C1=CC=CC=C1C1=CN=CC=C1C1=CC=CC=C1S(=O)(=O)C1COCCN1,0.11068702290076336
8,C1CC2C3CCC4CC(OC5OC(CO)C(O)C(O)C5OC5OC(CO)C(O)C(O)C5O)CCC4(C)C3CCC2(C)C1OCC1=CC=CC=C1C1=CC=CC=C1C1=CN=CC=C1C1=CC=CC=C1Sc1ccncc1,0.09541984732824428
8,C1CC2C3CCC4CC(OC5OC(CO)C(O)C(O)C5OC5OC(CO)C(O)C(O)C5O)CCC4(C)C3CCC2(C)C1OCC1=CC=CC=C1C1=CC=CC=C1C1=CN=CC=C1C1=CC=CC=C1SCCC,0.09486166007905138
8,C1CC2C3CCC4CC(OC5OC(CO)C(O)C(O)C5OC5OC(CO)C(O)C(O)C5O)CCC4(C)C3CCC2(C)C1OCC1=CC=CC=C1C1=CC=CC=C1C1=CN=CC=C1C1=CC=CC=C1SC1CCC1,0.09375
8,C1CC2C3CCC4CC(OC5OC(CO)C(O)C(O)C5OC5OC(CO)C(O)C(O)C5O)CCC4(C)C3CCC2(C)C1OCC1=CC=CC=C1C1=CC=CC=C1C1=CN=CC=C1C1=CC=CC=C1S(=O)(=O)Br,0.11788617886178862
8,C1CC2C3CCC4CC(OC5OC(CO)C(O)C(O)C5OC5OC(CO)C(O)C(O)C5O)CCC4(C)C3CCC2(C)C1OCC1=CC=CC=C1C1=CC=CC=C1C1=CN=CC=C1C1=CC=CC=C1S(=O)(=O)O,0.11788617886178862
8,C1CC2C3CCC4CC(OC5OC(CO)C(O)C(O)C5OC5OC(CO)C(O)C(O)C5O)CCC4(C)C3CCC2(C)C1OCC1=CC=CC=C1C1=CC=CC=C1C1=CN=CC=C1C1=CC=CC=C1SC1CC1,0.09486166007905138
8,C1CC2C3CCC4CC(OC5OC(CO)C(O)C(O)C5OC5OC(CO)C(O)C(O)C5O)CCC4(C)C3CCC2(C)C1OCC1=CC=CC=C1C1=CC=CC=C1C1=CN=CC=C1C1=CC=CC=C1Sc1ccsn1,0.09652509652509653
9,C1CC2C3CCC4CC(OC5OC(CO)C(O)C(O)C5OC5OC(CO)C(O)C(O)C5O)CCC4(C)C3CCC2(C)C1OCC1=CC=CC=C1C1=CC=CC=C1C1=CN=CC=C1C1=CC=CC=C1S(=O)(=O)Cl,0.11788617886178862
9,C1CC2C3CCC4CC(OC5OC(CO)C(O)C(O)C5OC5OC(CO)C(O)C(O)C5O)CCC4(C)C3CCC2(C)C1OCC1=CC=CC=C1C1=CC=CC=C1C1=CN=CC=C1C1=CC=CC=C1S(=O)(=O)Br,0.11788617886178862
9,C1CC2C3CCC4CC(OC5OC(CO)C(O)C(O)C5OC5OC(CO)C(O)C(O)C5O)CCC4(C)C3CCC2(C)C1OCC1=CC=CC=C1C1=CC=CC=C1C1=CN=CC=C1C1=CC=CC=C1c1ccon1,0.09765625
9,C1CC2C3CCC4CC(OC5OC(CO)C(O)C(O)C5OC5OC(CO)C(O)C(O)C5O)CCC4(C)C3CCC2(C)C1OCC1=CC=CC=C1C1=CC=CC=C1C1=CN=CC=C1C1=CC=CC=C1C1CCNCC1,0.09230769230769231
9,C1CC2C3CCC4CC(OC5OC(CO)C(O)C(O)C5OC5OC(CO)C(O)C(O)C5O)CCC4(C)C3CCC2(C)C1OCC1=CC=CC=C1C1=CC=CC=C1C1=CN=CC=C1C1=CC=CC=C1CCC,0.096
9,C1CC2C3CCC4CC(OC5OC(CO)C(O)C(O)C5OC5OC(CO)C(O)C(O)C5O)CCC4(C)C3CCC2(C)C1OCC1=CC=CC=C1C1=CC=CC=C1C1=CN=CC=C1C1=CC=CC=C1c1c[nH]cn1,0.0933852140077821
9,C1CC2C3CCC4CC(OC5OC(CO)C(O)C(O)C5OC5OC(CO)C(O)C(O)C5O)CCC4(C)C3CCC2(C)C1OCC1=CC=CC=C1C1=CC=CC=C1C1=CN=CC=C1C1=CC=CC=C1c1ccsn1,0.09765625
9,C1CC2C3CCC4CC(OC5OC(CO)C(O)C(O)C5OC5OC(CO)C(O)C(O)C5O)CCC4(C)C3CCC2(C)C1OCC1=CC=CC=C1C1=CC=CC=C1C1=CN=CC=C1C1=CC=CC=C1S(=O)(=O)Nc1ccsn1,0.11494252873563218
10,C1CC2C3CCC4CC(OC5OC(CO)C(O)C(O)C5OC5OC(CO)C(O)C(O)C5O)CCC4(C)C3CCC2(C)C1OCC1=CC=CC=C1C1=CC=CC=C1C1=CN=CC=C1C1=CC=CC=C1S(=O)(=O)Br,0.11788617886178862
10,C1CC2C3CCC4CC(OC5OC(CO)C(O)C(O)C5OC5OC(CO)C(O)C(O)C5O)CCC4(C)C3CCC2(C)C1OCC1=CC=CC=C1C1=CC=CC=C1C1=CN=CC=C1C1=CC=CC=C1S(=O)(=O)Clc1ccon1,-1.0
10,C1CC2C3CCC4CC(OC5OC(CO)C(O)C(O)C5OC5OC(CO)C(O)C(O)C5O)CCC4(C)C3CCC2(C)C1OCC1=CC=CC=C1C1=CC=CC=C1C1=CN=CC=C1C1=CC=CC=C1S(=O)(=O)ClC1CCCC1,-1.0
10,C1CC2C3CCC4CC(OC5OC(CO)C(O)C(O)C5OC5OC(CO)C(O)C(O)C5O)CCC4(C)C3CCC2(C)C1OCC1=CC=CC=C1C1=CC=CC=C1C1=CN=CC=C1C1=CC=CC=C1S(=O)(=O)ClC(=O)C,-1.0
10,C1CC2C3CCC4CC(OC5OC(CO)C(O)C(O)C5OC5OC(CO)C(O)C(O)C5O)CCC4(C)C3CCC2(C)C1OCC1=CC=CC=C1C1=CC=CC=C1C1=CN=CC=C1C1=CC=CC=C1S(=O)(=O)Clc1c[nH]cn1,-1.0
10,C1CC2C3CCC4CC(OC5OC(CO)C(O)C(O)C5OC5OC(CO)C(O)C(O)C5O)CCC4(C)C3CCC2(C)C1OCC1=CC=CC=C1C1=CC=CC=C1C1=CN=CC=C1C1=CC=CC=C1S(=O)(=O)ClC#N,-1.0
10,C1CC2C3CCC4CC(OC5OC(CO)C(O)C(O)C5OC5OC(CO)C(O)C(O)C5O)CCC4(C)C3CCC2(C)C1OCC1=CC=CC=C1C1=CC=CC=C1C1=CN=CC=C1C1=CC=CC=C1S(=O)(=O)Clc1ccoc1,-1.0
10,C1CC2C3CCC4CC(OC5OC(CO)C(O)C(O)C5OC5OC(CO)C(O)C(O)C5O)CCC4(C)C3CCC2(C)C1OCC1=CC=CC=C1C1=CC=CC=C1C1=CN=CC=C1C1=CC=CC=C1S(=O)(=O)ClC1CCNC1,-1.0
11,C1CC2C3CCC4CC(OC5OC(CO)C(O)C(O)C5OC5OC(CO)C(O)C(O)C5O)CCC4(C)C3CCC2(C)C1OCC1=CC=CC=C1C1=CC=CC=C1C1=CN=CC=C1C1=CC=CC=C1S(=O)(=O)Clc1ccoc1,-1.0
11,C1CC2C3CCC4CC(OC5OC(CO)C(O)C(O)C5OC5OC(CO)C(O)C(O)C5O)CCC4(C)C3CCC2(C)C1OCC1=CC=CC=C1C1=CC=CC=C1C1=CN=CC=C1C1=CC=CC=C1S(=O)(=O)C(=O)O,0.11553784860557768
11,C1CC2C3CCC4CC(OC5OC(CO)C(O)C(O)C5OC5OC(CO)C(O)C(O)C5O)CCC4(C)C3CCC2(C)C1OCC1=CC=CC=C1C1=CC=CC=C1C1=CN=CC=C1C1=CC=CC=C1S(=O)(=O)Clc1ccon1C1CCCC1,-1.0
11,C1CC2C3CCC4CC(OC5OC(CO)C(O)C(O)C5OC5OC(CO)C(O)C(O)C5O)CCC4(C)C3CCC2(C)C1OCC1=CC=CC=C1C1=CC=CC=C1C1=CN=CC=C1C1=CC=CC=C1S(=O)(=O)Clc1ccon1C1CCNC1,-1.0
11,C1CC2C3CCC4CC(OC5OC(CO)C(O)C(O)C5OC5OC(CO)C(O)C(O)C5O)CCC4(C)C3CCC2(C)C1OCC1=CC=CC=C1C1=CC=CC=C1C1=CN=CC=C1C1=CC=CC=C1S(=O)(=O)Clc1ccon1F,-1.0
11,C1CC2C3CCC4CC(OC5OC(CO)C(O)C(O)C5OC5OC(CO)C(O)C(O)C5O)CCC4(C)C3CCC2(C)C1OCC1=CC=CC=C1C1=CC=CC=C1C1=CN=CC=C1C1=CC=CC=C1S(=O)(=O)Clc1ccon1Cc1ccccc1,-1.0
11,C1CC2C3CCC4CC(OC5OC(CO)C(O)C(O)C5OC5OC(CO)C(O)C(O)C5O)CCC4(C)C3CCC2(C)C1OCC1=CC=CC=C1C1=CC=CC=C1C1=CN=CC=C1C1=CC=CC=C1S(=O)(=O)Clc1ccon1c1ccccc1,-1.0
11,C1CC2C3CCC4CC(OC5OC(CO)C(O)C(O)C5OC5OC(CO)C(O)C(O)C5O)CCC4(C)C3CCC2(C)C1OCC1=CC=CC=C1C1=CC=CC=C1C1=CN=CC=C1C1=CC=CC=C1S(=O)(=O)Clc1ccon1CC,-1.0
12,C1CC2C3CCC4CC(OC5OC(CO)C(O)C(O)C5OC5OC(CO)C(O)C(O)C5O)CCC4(C)C3CCC2(C)C1OCC1=CC=CC=C1C1=CC=CC=C1C1=CN=CC=C1C1=CC=CC=C1S(=O)(=O)C(=O)O,0.11553784860557768
12,C1CC2C3CCC4CC(OC5OC(CO)C(O)C(O)C5OC5OC(CO)C(O)C(O)C5O)CCC4(C)C3CCC2(C)C1OCC1=CC=CC=C1C1=CC=CC=C1C1=CN=CC=C1C1=CC=CC=C1S(=O)(=O)C(=O)O,0.11553784860557768
12,C1CC2C3CCC4CC(OC5OC(CO)C(O)C(O)C5OC5OC(CO)C(O)C(O)C5O)CCC4(C)C3CCC2(C)C1OCC1=CC=CC=C1C1=CC=CC=C1C1=CN=CC=C1C1=CC=CC=C1S(=O)(=O)C(=O)O,0.11553784860557768
12,C1CC2C3CCC4CC(OC5OC(CO)C(O)C(O)C5OC5OC(CO)C(O)C(O)C5O)CCC4(C)C3CCC2(C)C1OCC1=CC=CC=C1C1=CC=CC=C1C1=CN=CC=C1C1=CC=CC=C1S(=O)(=O)C(=O)O,0.11553784860557768
12,C1CC2C3CCC4CC(OC5OC(CO)C(O)C(O)C5OC5OC(CO)C(O)C(O)C5O)CCC4(C)C3CCC2(C)C1OCC1=CC=CC=C1C1=CC=CC=C1C1=CN=CC=C1C1=CC=CC=C1S(=O)(=O)C(=O)O,0.11553784860557768
12,C1CC2C3CCC4CC(OC5OC(CO)C(O)C(O)C5OC5OC(CO)C(O)C(O)C5O)CCC4(C)C3CCC2(C)C1OCC1=CC=CC=C1C1=CC=CC=C1C1=CN=CC=C1C1=CC=CC=C1S(=O)(=O)C(=O)O,0.11553784860557768
12,C1CC2C3CCC4CC(OC5OC(CO)C(O)C(O)C5OC5OC(CO)C(O)C(O)C5O)CCC4(C)C3CCC2(C)C1OCC1=CC=CC=C1C1=CC=CC=C1C1=CN=CC=C1C1=CC=CC=C1S(=O)(=O)C(=O)O,0.11553784860557768
12,C1CC2C3CCC4CC(OC5OC(CO)C(O)C(O)C5OC5OC(CO)C(O)C(O)C5O)CCC4(C)C3CCC2(C)C1OCC1=CC=CC=C1C1=CC=CC=C1C1=CN=CC=C1C1=CC=CC=C1S(=O)(=O)C(=O)O,0.11553784860557768
1,C#CC1(O)CCCCCCCCC2(CCCCCCCC1)OCCO2,0.0
1,C#CC1(O)CCCCCCCCC2(CCCCCC1)OCCO2,0.0
1,C#CC1(O)CCCCC1c2ccccc2OCCO1,-1.0
1,C#CC1(O)CCCCCCCCC2(CCCCCCCC1)OCCO2,0.0
1,C#CC1(O)CCCCC1C2CCCCO2,0.0
1,C#CC1(O)CCCCCCCCC2(CCCCCCCC1)OCCO2c1ccccc1,-1.0
1,C#CC1(O)CCCCCCCCC2(CCCCCCCC1)OCCO2,0.0
1,C#CC1(O)CCCCCCCCC2(CCCCCCCC1)OCCO2c1cnccc1,-1.0
2,C#CC1(O)CCCCCCC2(CCCCCC1)OCCO2,0.0
2,C#CC1(O)CCCCCCCCC2(CCCCCC1)OC(C=CC=C=C)CO2,0.0
2,C#CC1(O)CCCCCCCCC2(CCCCCC1)OCC(N)O2,0.007194244604316547
2,C#CC1(O)CCCCCCCCC2(CCCCCC1)OCCO2C1=CC=NC=C1,-1.0
2,C#CC1(N)CCCCCCCCC2(CCCCCC1)NCCN2,0.0072992700729927005
2,C#CC1(O)CCCCCCCCC2(CCCCCC1)OCCO2,0.0
2,C#CC1(O)CCCCC1C2CCCCC2OCCO1,-1.0
2,C#CC1(O)CCCCCCCCC2(CCCCCC1)OCCO2,0.0
3,C#CC1(N)CCCCCCCCC2(CCCCCC1)OCCN2,0.0072992700729927005
3,C#CC1(O)CCCCCCCCC2(CCCCCC1)NCCN2,0.0
3,C#CC1(N)CCCCCCCCC2(CCCCCC1)NCCN2COOH,-1.0
3,C#CC1(N)CCCCCCCCC2(CCCCCC1)NCCN2NH2,-1.0
3,C#CC1(N)CCCCCCCCC2(CCCCCC1)NCCN2O,0.014492753623188406
3,C#CC1(N)CCCCCCCCC2(CCCCCC1)NCCN2C1=CN=CC=N1,0.04697986577181208
3,C#CC1(N)CCCCCCCCC2(CCCCCC1)NCCO2,0.0072992700729927005
3,C#CC1(N)CCCCCCCCC2(CCCCCC1)NC(CO)CN2,0.007042253521126761
4,C#CC1(N)CCCCCCCCC2(CCCCCC1)NCCN2C1=CN=CC=N1N,-1.0
4,C#CC1(O)CCCCCCCCC2(CCCCCC1)NCCN2C1=CN=CC=N1,0.04
4,C#CC1(N)CCCCCCCCC2(CCCCCC1)OCCN2C1=CN=CC=N1,0.04697986577181208
4,C#CC1(N)CCCCCCCCC2(CCCCCC1)NCCN2C1=CN=CC=N1,0.04697986577181208
4,C#CC1(N)CCCCCCCCC2(CCCCCC1)NCCN2C1=CN=CC=N1C1=CC=CC=C1,-1.0
4,C#CC1(N)CCCCC1(CCCCC1)NCCN1C1=CN=CC=N1,0.05223880597014925
4,C#CC1(N)CCCCCCCCC2(CCCCCC1)NCCN2C1=CN=CC=N1C(O)=O,-1.0
4,C#CC1(N)CCCCCCCCC2(CCCCCC1)NCCN2C1=CN=CC=N1O,-1.0
5,C#CC1(N)CCCCC1(CCCCC1)NCCN1C1=CN=CC=N1COOH,-1.0
5,C#CC1(N)CCCCC1(CCCCC1)NCCN1C1=CN=CC=N1C1=CN=CC=N1,-1.0
5,C#CC1(N)CCCC1(CCCCC1)NCCN1C1=CN=CC=N1,0.05343511450381679
5,C#CC1(O)CCCCC1(CCCCC1)NCCN1C1=CN=CC=N1,0.044444444444444446
5,C#CC1(N)CCCCC1(CCCCC1)OCCN1C1=CN=CC=N1,0.05223880597014925
5,C#CC1(N)CCCCC1(CCCCC1)NCCN1C1=CN=CC=N1O,-1.0
5,C#CC1(N)CCCCC1(CCCCC1)NCCN1C1=CN=CC=N1C1=CC=CC=C1,-1.0
5,C#CC1(N)CCCCC1(CCCCC1)NCCN1C1=CN=CC=N1C1=CC=CC=CC=C1,-1.0
6,C#CC1(N)CCCC1(CCCCC1)NCCN1C1=CN=CC=N1C#N,-1.0
6,C#CC1(N)CCCC1(CCCCC1)NCCN1C1=CN=CC=N1C1CCCCC1,-1.0
6,C#CC1(N)CCCC1(CCCCC1)NCCN1C1=CN=CC=N1Br,-1.0
6,C#CC1(N)CCCC1(CCCCC1)NCCN1C1=CN=CC=N1c1ccsn1,-1.0
6,C#CC1(N)CCCC1(CCCCC1)NCCN1C1=CN=CC=N1C1CC1,-1.0
6,C#CC1(N)CCCC1(CCCCC1)NCCN1C1=CN=CC=N1c1ccccc1,-1.0
6,C#CC1(N)CCCC1(CCCCC1)NCCN1C1=CN=CC=N1C1CCNC1,-1.0
6,C#CC1(N)CCCC1(CCCCC1)NCCN1C1=CN=CC=N1c1c[nH]cn1,-1.0
7,C#CC1(N)CCCC1(CCCCC1)NCCN1C1=CN=CC=N1C#NOC,-1.0
7,C#CC1(N)CCCC1(CCCCC1)NCCN1C1=CN=CC=N1C#NCC,-1.0
7,C#CC1(N)CCCC1(CCCCC1)NCCN1C1=CN=CC=N1C#Nc1c[nH]cn1,-1.0
7,C#CC1(N)CCCC1(CCCCC1)NCCN1C1=CN=CC=N1C#NC1CCNCC1,-1.0
7,C#CC1(N)CCCC1(CCCCC1)NCCN1C1=CN=CC=N1C#NC,-1.0
7,C#CC1(N)CCCC1(CCCCC1)NCCN1C1=CN=CC=N1C#N[N+](=O)[O-],-1.0
7,C#CC1(N)CCCC1(CCCCC1)NCCN1C1=CN=CC=N1C#NC1CCCC1,-1.0
7,C#CC1(N)CCCC1(CCCCC1)NCCN1C1=CN=CC=N1C#NBr,-1.0
8,C#CC1(N)CCCC1(CCCCC1)NCCN1C1=CN=CC=N1C#NO[C](=O)=O,-1.0
8,C#CC1(N)CCCC1(CCCCC1)NCCN1C1=CN=CC=N1C#NOC(C),-1.0
8,C#CC1(N)CCCC1(CCCCC1)NCCN1C1=CN=CC=N1C#NOC(F),-1.0
8,C#CC1(N)CCCC1(CCCCC1)NCCN1C1=CN=CC=N1C#NOC1CCCCC1,-1.0
8,C#CC1(N)CCCC1(CCCCC1)NCCN1C1=CN=CC=N1C#NOC(=O)O,-1.0
8,C#CC1(N)CCCC1(CCCCC1)NCCN1C1=CN=CC=N1C#NOC(F)(F)F,-1.0
8,C#CC1(N)CCCC1(CCCCC1)NCCN1C1=CN=CC=N1C#NOC1CCC1,-1.0
8,C#CC1(N)CCCC1(CCCCC1)NCCN1C1=CN=CC=N1C#NOC(N),-1.0
9,C#CC1(N)CCCC1(CCCCC1)NCCN1C1=CN=CC=N1C#NO[C](=O)=O.C1CCNCC1,-1.0
9,C#CC1(N)CCCC1(CCCCC1)NCCN1C1=CN=CC=N1C#NOc1ccccc1,-1.0
9,C#CC1(N)CCCC1(CCCCC1)NCCN1C1=CN=CC=N1C#NCCC,-1.0
9,C#CC1(N)CCCC1(CCCCC1)NCCN1C1=CN=CC=N1C#NBr,-1.0
9,C#CC1(N)CCCC1(CCCCC1)NCCN1C1=CN=CC=N1C#NCl,-1.0
9,C#CC1(N)CCCC1(CCCCC1)NCCN1C1=CN=CC=N1C#NOc1ccon1,-1.0
9,C#CC1(N)CCCC1(CCCCC1)NCCN1C1=CN=CC=N1C#NCCc1ccccc1,-1.0
9,C#CC1(N)CCCC1(CCCCC1)NCCN1C1=CN=CC=N1C#NC(F)(F)F,-1.0
10,C#CC1(N)CCCC1(CCCCC1)NCCN1C1=CN=CC=N1C#NO[C](=O)=O.C1CCNCC1Cl,-1.0
10,C#CC1(N)CCCC1(CCCCC1)NCCN1C1=CN=CC=N1C#NO[C](=O)=O.C1CCNCC1Cc1ccccc1,-1.0
10,C#CC1(N)CCCC1(CCCCC1)NCCN1C1=CN=CC=N1C#NO[C](=O)=O.C1CCNCC1C1CCNCC1,-1.0
10,C#CC1(N)CCCC1(CCCCC1)NCCN1C1=CN=CC=N1C#NO[C](=O)=O.C1CCNCC1C1CCCC1,-1.0
10,C#CC1(N)CCCC1(CCCCC1)NCCN1C1=CN=CC=N1C#NO[C](=O)=O.C1CCNCC1C1CCCCC1,-1.0
10,C#CC1(N)CCCC1(CCCCC1)NCCN1C1=CN=CC=N1C#NO[C](=O)=O.C1CCNCC1N(=O)=O,-1.0
10,C#CC1(N)CCCC1(CCCCC1)NCCN1C1=CN=CC=N1C#NO[C](=O)=O.C1CCNCC1F,-1.0
10,C#CC1(N)CCCC1(CCCCC1)NCCN1C1=CN=CC=N1C#NO[C](=O)=O.C1CCNCC1c1c[nH]cn1,-1.0
11,C#CC1(N)CCCC1(CCCCC1)NCCN1C1=CN=CC=N1C#NO[C](=O)=O.C1CCNCC1O[C],-1.0
11,C#CC1(N)CCCC1(CCCCC1)NCCN1C1=CN=CC=N1C#NO[C](=O)=O.C1CCNCC1c1ccsn1,-1.0
11,C#CC1(N)CCCC1(CCCCC1)NCCN1C1=CN=CC=N1C#NO[C](=O)=O.C1CCNCC1CCC,-1.0
11,C#CC1(N)CCCC1(CCCCC1)NCCN1C1=CN=CC=N1C#NO[C](=O)=O.C1CCNCC1c1ccsc1,-1.0
11,C#CC1(N)CCCC1(CCCCC1)NCCN1C1=CN=CC=N1C#NO[C](=O)=O.C1CCNCC1c1ccon1,-1.0
11,C#CC1(N)CCCC1(CCCCC1)NCCN1C1=CN=CC=N1C#NO[C](=O)=O.C1CCNCC1[N+](=O)[O-],-1.0
11,C#CC1(N)CCCC1(CCCCC1)NCCN1C1=CN=CC=N1C#NO[C](=O)=O.C1CCNCC1C1CCNCC1,-1.0
11,C#CC1(N)CCCC1(CCCCC1)NCCN1C1=CN=CC=N1C#NO[C](=O)=O.C1CCNCC1C1CCCCC1,-1.0
12,C#CC1(N)CCCC1(CCCCC1)NCCN1C1=CN=CC=N1C#NO[C](=O)=O.C1CCNCC1O[C]c1ccsn1,-1.0
12,C#CC1(N)CCCC1(CCCCC1)NCCN1C1=CN=CC=N1C#NO[C](=O)=O.C1CCNCC1O[C]F,-1.0
12,C#CC1(N)CCCC1(CCCCC1)NCCN1C1=CN=CC=N1C#NO[C](=O)=O.C1CCNCC1O[C]OC,-1.0
12,C#CC1(N)CCCC1(CCCCC1)NCCN1C1=CN=CC=N1C#NO[C](=O)=O.C1CCNCC1O[C]c1ccsc1,-1.0
12,C#CC1(N)CCCC1(CCCCC1)NCCN1C1=CN=CC=N1C#NO[C](=O)=O.C1CCNCC1O[C]C#N,-1.0
12,C#CC1(N)CCCC1(CCCCC1)NCCN1C1=CN=CC=N1C#NO[C](=O)=O.C1CCNCC1O[C]C(F)(F)F,-1.0
12,C#CC1(N)CCCC1(CCCCC1)NCCN1C1=CN=CC=N1C#NO[C](=O)=O.C1CCNCC1O[C]CC,-1.0
12,C#CC1(N)CCCC1(CCCCC1)NCCN1C1=CN=CC=N1C#NO[C](=O)=O.C1CCNCC1O[C]C1CCNCC1,-1.0
1,O=C1NC(=O)N(CCCCCCCCCC2CCC(O)C2O)C1,0.03816793893129771
1,C1=CC2=C(C=C(C=C2C(=O)O))CCCCCCCCC3CCC(O)C3O,-1.0
1,C1CCCCC1C(=O)OCCCCCCCCC2CCC(O)C2O,0.007194244604316547
1,C1=NC2=CC(=O)N(CCCCCCCCCC3CCC(O)C3O)C2=N1,0.05925925925925926
1,C1=CC=CC=C1C(=O)OCCCCCCCCC2CCC(O)C2O,0.06870229007633588
1,C1=CC=NN=C1C(=O)OCCCCCCCCC2CCC(O)C2O,0.05263157894736842
1,C1=CC2=C(S)C=C(C2=C1C(=O)O)CCCCCCCCC3CCC(O)C3O,0.06521739130434782
1,C1=CC=CS1C(=O)OCCCCCCCCC2CCC(O)C2O,0.03787878787878788
2,C1=CC=CC=C1C(=O)OCCCCCCCCC2CCC(O)C2O,0.06870229007633588
2,C1=CC=CC=C1C(=O)OCCCCCCCCC2CC(N)C2O,0.07874015748031496
2,C1=CC=CC=C1C(=O)OCCCCCCCC1CCOC1,0.07258064516129033
2,C1=CC=CC=C1C(=O)OCCCCCCCCC2CCC(O)C2COOH,-1.0
2,C1=CC=CC=C1C(=O)OCCCCCCCC1NC2=NC=NC2=O,-1.0
2,C1=CC=CC=C1C(=O)OCCCCCCCCC2CCC(N)C2O,0.07692307692307693
2,C1=CC=CC=C1C(=O)OCCCCCCCCC2CCOC2O,0.06976744186046512
2,C1=CC=CC=C1C(=O)OCCCCCCCC1CN2C=NC2=O,-1.0
3,C1=NN=NN=C1C(=O)OCCCCCCCCC2CC(O)C2O,0.03007518796992481
3,C1=CC2=CNC=C2C1C(=O)OCCCCCCCCC2CC(N)C2O,0.05925925925925926
3,C1=NC2=CC=CC=C2N1C(=O)OCCCCCCCCC2CC(N)C2O,0.09774436090225563
3,C1CCCCC1C(=O)OCCCCCCCCC2CC(O)C2O,0.007352941176470588
3,C1=NN=CNN=C1C(=O)OCCCCCCCCC2CC(O)C2O,0.037037037037037035
3,C1=CC=CC=C1C(=O)OCCCCCCCCC2CC(O)C2O,0.0703125
3,C1=CC=CO1C(=O)OCCCCCCCCC2CC(N)C2O,-1.0
3,C1=CC=CC=C1C(=O)OCCCCCCCCC2CC(N)C2O,0.07874015748031496
4,CN1C=NC=C1C(=O)OCCCCCCCCC1CC(N)C1O,0.0625
4,CN1C=NC2=C1N=C2C(=O)OCCCCCCCCC1CC(N)C1O,0.06766917293233082
4,CN1C=SC=N1C(=O)OCCCCCCCCC1CC(N)C1O,-1.0
4,CN1CC=CC=C1C(=O)OCCCCCCCCC1CC(N)C1O,0.061068702290076333
4,CN1C=NC2=NC=NC2=N1C(=O)OCCCCCCCCC1CC(N)C1O,-1.0
4,CN1=NC=CN=C1C(=O)OCCCCCCCCC1CC(N)C1O,-1.0
4,CN1CCC(=O)OCCCCCCCCC1CC(N)C1O,-1.0
4,CN1CCCCC1C(=O)OCCCCCCCCC1CC(N)C1O,0.02962962962962963
5,CN1C=NC2=C1N=C2C(=O)OCCCCC1CCCC1,0.06611570247933884
5,C1CCC(=O)OCCCCCCCCC1CC(N)C1O,-1.0
5,CN1NNNN1C(=O)OCCCCCCCCC1CC(N)C1O,0.030303030303030304
5,CN1C=NC2=C1OCC2C(=O)OCCCCCCCCC1CC(N)C1O,0.058394160583941604
5,CN1C=NC2=C1NC(=O)NC2C(=O)OCCCCCCCCC1CC(N)C1O,0.07142857142857142
5,C1CCCCC(=O)OCCCCCCCCC1CC(N)C1O,-1.0
5,CN1C=NC2=C1N=C2C(=O)OCCCCC1CCCCCCC1,0.06153846153846154
5,CN1C=NC2=C1N=C2C(=O)OCCCCCCCCC1CC(N)C1O,0.06766917293233082
6,CN1C=NC2=C1NC(=O)NC2C(=O)OCCCCCCCCC1CC(NC(F)(F)F)C1O,0.1111111111111111
6,CN1C=NC2=C1NC(=O)NC2C(=O)OCCCCCCCCC1CC(NCC)C1O,0.061224489795918366
6,CN1C=NC2=C1NC(=O)NC2C(=O)OCCCCCCCCC1CC(NCCC)C1O,0.06
6,CN1C=NC2=C1NC(=O)NC2C(=O)OCCCCCCCCC1CC(N(=O)=O)C1O,0.06164383561643835
6,CN1C=NC2=C1NC(=O)NC2C(=O)OCCCCCCCCC1CC(NN)C1O,0.06993006993006994
6,CN1C=NC2=C1NC(=O)NC2C(=O)OCCCCCCCCC1CC(NF)C1O,0.06993006993006994
6,CN1C=NC2=C1NC(=O)NC2C(=O)OCCCCCCCCC1CC(Nc1ccoc1)C1O,-1.0
6,CN1C=NC2=C1NC(=O)NC2C(=O)OCCCCCCCCC1CC(NBr)C1O,0.0625
7,CN1C=NC2=C1NC(=O)NC2C(=O)OCCCCCCCCC1CC(NC(F)(F)F)C1OCC1CCC1,0.10062893081761007
7,CN1C=NC2=C1NC(=O)NC2C(=O)OCCCCCCCCC1CC(NC(F)(F)F)C1OBr,0.10884353741496598
7,CN1C=NC2=C1NC(=O)NC2C(=O)OCCCCCCCCC1CC(NC(F)(F)F)C1OC,0.10884353741496598
7,CN1C=NC2=C1NC(=O)NC2C(=O)OCCCCCCCCC1CC(NC(F)(F)F)C1Oc1ccsn1,0.1282051282051282
7,CN1C=NC2=C1NC(=O)NC2C(=O)OCCCCCCCCC1CC(NC(F)(F)F)C1OCC1CCCCC1,0.0963855421686747
7,CN1C=NC2=C1NC(=O)NC2C(=O)OCCCCCCCCC1CC(NC(F)(F)F)C1OCC1COCCN1,0.0963855421686747
7,CN1C=NC2=C1NC(=O)NC2C(=O)OCCCCCCCCC1CC(NC(F)(F)F)C1OC(=O)C,0.10526315789473684
7,CN1C=NC2=C1NC(=O)NC2C(=O)OCCCCCCCCC1CC(NC(F)(F)F)C1OCC,0.10666666666666667
8,CN1C=NC2=C1NC(=O)NC2C(=O)OCCCCCCCCC1CC(NC(F)(F)F)C1Oc1ccsn1Cc1ccccc1,-1.0
8,CN1C=NC2=C1NC(=O)NC2C(=O)OCCCCCCCCC1CC(NC(F)(F)F)C1Oc1ccsn1C1CC1,-1.0
8,CN1C=NC2=C1NC(=O)NC2C(=O)OCCCCCCCCC1CC(NC(F)(F)F)C1Oc1ccsn1C1CCCC1,-1.0
8,CN1C=NC2=C1NC(=O)NC2C(=O)OCCCCCCCCC1CC(NC(F)(F)F)C1Oc1ccsn1N,-1.0
8,CN1C=NC2=C1NC(=O)NC2C(=O)OCCCCCCCCC1CC(NC(F)(F)F)C1Oc1ccsn1Br,-1.0
8,CN1C=NC2=C1NC(=O)NC2C(=O)OCCCCCCCCC1CC(NC(F)(F)F)C1Oc1ccsn1C(=O)O,-1.0
8,CN1C=NC2=C1NC(=O)NC2C(=O)OCCCCCCCCC1CC(NC(F)(F)F)C1Oc1ccsn1C1CCCCC1,-1.0
8,CN1C=NC2=C1NC(=O)NC2C(=O)OCCCCCCCCC1CC(NC(F)(F)F)C1Oc1ccsn1C1COCCN1,-1.0
9,CN1C=NC2=C1NC(=O)NC2C(=O)OCCCCCCCCC1CC(NC(F)(F)F)C1Oc1ccsn1Cc1ccccc1C,-1.0
9,CN1C=NC2=C1NC(=O)NC2C(=O)OCCCCCCCCC1CC(NC(F)(F)F)C1Oc1ccsn1Cc1ccccc1OC,-1.0
9,CN1C=NC2=C1NC(=O)NC2C(=O)OCCCCCCCCC1CC(NC(F)(F)F)C1Oc1ccsn1Cc1ccccc1F,-1.0
9,CN1C=NC2=C1NC(=O)NC2C(=O)OCCCCCCCCC1CC(NC(F)(F)F)C1Oc1ccsn1Cc1ccccc1C1CCNCC1,-1.0
9,CN1C=NC2=C1NC(=O)NC2C(=O)OCCCCCCCCC1CC(NC(F)(F)F)C1Oc1ccsn1Cc1ccccc1CC,-1.0
9,CN1C=NC2=C1NC(=O)NC2C(=O)OCCCCCCCCC1CC(NC(F)(F)F)C1Oc1ccsn1Cc1ccccc1N,-1.0
9,CN1C=NC2=C1NC(=O)NC2C(=O)OCCCCCCCCC1CC(NC(F)(F)F)C1Oc1ccsn1Cc1ccccc1c1ccncc1,-1.0
9,CN1C=NC2=C1NC(=O)NC2C(=O)OCCCCCCCCC1CC(NC(F)(F)F)C1Oc1ccsn1Cc1ccccc1C(=O)C,-1.0
10,CN1C=NC2=C1NC(=O)NC2C(=O)OCCCCCCCCC1CC(NC(F)(F)F)C1Oc1ccsn1Cc1ccccc1CN,-1.0
10,CN1C=NC2=C1NC(=O)NC2C(=O)OCCCCCCCCC1CC(NC(F)(F)F)C1Oc1ccsn1Cc1ccccc1Cc1c[nH]cn1,-1.0
10,CN1C=NC2=C1NC(=O)NC2C(=O)OCCCCCCCCC1CC(NC(F)(F)F)C1Oc1ccsn1Cc1ccccc1CC,-1.0
10,CN1C=NC2=C1NC(=O)NC2C(=O)OCCCCCCCCC1CC(NC(F)(F)F)C1Oc1ccsn1Cc1ccccc1S(=O)(=O)N,-1.0
10,CN1C=NC2=C1NC(=O)NC2C(=O)OCCCCCCCCC1CC(NC(F)(F)F)C1Oc1ccsn1Cc1ccccc1C1CCCC1,-1.0
10,CN1C=NC2=C1NC(=O)NC2C(=O)OCCCCCCCCC1CC(NC(F)(F)F)C1Oc1ccsn1Cc1ccccc1C1CCNCC1,-1.0
10,CN1C=NC2=C1NC(=O)NC2C(=O)OCCCCCCCCC1CC(NC(F)(F)F)C1Oc1ccsn1Cc1ccccc1C1COCCN1,-1.0
10,CN1C=NC2=C1NC(=O)NC2C(=O)OCCCCCCCCC1CC(NC(F)(F)F)C1Oc1ccsn1Cc1ccccc1OCC,-1.0
11,CN1C=NC2=C1NC(=O)NC2C(=O)OCCCCCCCCC1CC(NC(F)(F)F)C1Oc1ccsn1Cc1ccccc1CNc1ccsn1,-1.0
11,CN1C=NC2=C1NC(=O)NC2C(=O)OCCCCCCCCC1CC(NC(F)(F)F)C1Oc1ccsn1Cc1ccccc1CNN,-1.0
11,CN1C=NC2=C1NC(=O)NC2C(=O)OCCCCCCCCC1CC(NC(F)(F)F)C1Oc1ccsn1Cc1ccccc1CNCC1CCNC1,-1.0
11,CN1C=NC2=C1NC(=O)NC2C(=O)OCCCCCCCCC1CC(NC(F)(F)F)C1Oc1ccsn1Cc1ccccc1CNc1ccon1,-1.0
11,CN1C=NC2=C1NC(=O)NC2C(=O)OCCCCCCCCC1CC(NC(F)(F)F)C1Oc1ccsn1Cc1ccccc1CNCCE,-1.0
11,CN1C=NC2=C1NC(=O)NC2C(=O)OCCCCCCCCC1CC(NC(F)(F)F)C1Oc1ccsn1Cc1ccccc1CNO,-1.0
11,CN1C=NC2=C1NC(=O)NC2C(=O)OCCCCCCCCC1CC(NC(F)(F)F)C1Oc1ccsn1Cc1ccccc1CNCC(=O)O,-1.0
11,CN1C=NC2=C1NC(=O)NC2C(=O)OCCCCCCCCC1CC(NC(F)(F)F)C1Oc1ccsn1Cc1ccccc1CNCC(=O)O,-1.0
12,CN1C=NC2=C1NC(=O)NC2C(=O)OCCCCCCCCC1CC(NC(F)(F)F)C1Oc1ccsn1Cc1ccccc1CNc1ccsn1Cl,-1.0
12,CN1C=NC2=C1NC(=O)NC2C(=O)OCCCCCCCCC1CC(NC(F)(F)F)C1Oc1ccsn1Cc1ccccc1CNc1ccsn1N(=O)=O,-1.0
12,CN1C=NC2=C1NC(=O)NC2C(=O)OCCCCCCCCC1CC(NC(F)(F)F)C1Oc1ccsn1Cc1ccccc1CNc1ccsn1c1ccccc1,-1.0
12,CN1C=NC2=C1NC(=O)NC2C(=O)OCCCCCCCCC1CC(NC(F)(F)F)C1Oc1ccsn1Cc1ccccc1CNc1ccsn1C1CCCCC1,-1.0
12,CN1C=NC2=C1NC(=O)NC2C(=O)OCCCCCCCCC1CC(NC(F)(F)F)C1Oc1ccsn1Cc1ccccc1CNc1ccsn1C(=O)C,-1.0
12,CN1C=NC2=C1NC(=O)NC2C(=O)OCCCCCCCCC1CC(NC(F)(F)F)C1Oc1ccsn1Cc1ccccc1CNc1ccsn1Br,-1.0
12,CN1C=NC2=C1NC(=O)NC2C(=O)OCCCCCCCCC1CC(NC(F)(F)F)C1Oc1ccsn1Cc1ccccc1CNc1ccsn1OC,-1.0
12,CN1C=NC2=C1NC(=O)NC2C(=O)OCCCCCCCCC1CC(NC(F)(F)F)C1Oc1ccsn1Cc1ccccc1CNc1ccsn1C1CC1,-1.0
13,CN1C=NC2=C1NC(=O)NC2C(=O)OCCCCCCCCC1CC(NC(F)(F)F)C1Oc1ccsn1Cc1ccccc1CNc1ccsc1c1ccccc1,-1.0
13,CN1C=NC2=C1NC(=O)NC2C(=O)OCCCCCCCCC1CC(NC(F)(F)F)C1Oc1ccsn1Cc1ccccc1CNc1ccsn1Br,-1.0
13,CN1C=NC2=C1NC(=O)NC2C(=O)OCCCCCCCCC1CC(NC(F)(F)F)C1Oc1ccsn1Cc1ccccc1CNc1ccsn1c1ccsc1,-1.0
13,CN1C=NC2=C1NC(=O)NC2C(=O)OCCCCCCCCC1CC(NC(F)(F)F)C1Oc1ccsn1Cc1ccccc1CNc1ccsn1N(=O)=O,-1.0
13,CN1C=NC2=C1NC(=O)NC2C(=O)OCCCCCCCCC1CC(NC(F)(F)F)C1Oc1ccsn1Cc1ccccc1CNc1ccsn1C1CCNCC1,-1.0
13,CN1C=NC2=C1NC(=O)NC2C(=O)OCCCCCCCCC1CC(NC(F)(F)F)C1Oc1ccsn1Cc1ccccc1CNc1ccsn1N,-1.0
13,CN1C=NC2=C1NC(=O)NC2C(=O)OCCCCCCCCC1CC(NC(F)(F)F)C1Oc1ccsn1Cc1ccccc1CNc1ccsn1c1ccncc1,-1.0
13,CN1C=NC2=C1NC(=O)NC2C(=O)OCCCCCCCCC1CC(NC(F)(F)F)C1Oc1ccsn1Cc1ccccc1CNc1ccsn1c1ccsn1,-1.0
14,CN1C=NC2=C1NC(=O)NC2C(=O)OCCCCCCCCC1CC(NC(F)(F)F)C1Oc1ccsn1Cc1ccccc1CNc1ccsc1c1ccccc1C(F)(F)F,-1.0
14,CN1C=NC2=C1NC(=O)NC2C(=O)OCCCCCCCCC1CC(NC(F)(F)F)C1Oc1ccsn1Cc1ccccc1CNc1ccsc1c1ccccc1C1CCNCC1,-1.0
14,CN1C=NC2=C1NC(=O)NC2C(=O)OCCCCCCCCC1CC(NC(F)(F)F)C1Oc1ccsn1Cc1ccccc1CNc1ccsc1c1ccccc1CCC,-1.0
14,CN1C=NC2=C1NC(=O)NC2C(=O)OCCCCCCCCC1CC(NC(F)(F)F)C1Oc1ccsn1Cc1ccccc1CNc1ccsc1c1ccccc1c1ccon1,-1.0
14,CN1C=NC2=C1NC(=O)NC2C(=O)OCCCCCCCCC1CC(NC(F)(F)F)C1Oc1ccsn1Cc1ccccc1CNc1ccsc1c1ccccc1C1COCCN1,-1.0
14,CN1C=NC2=C1NC(=O)NC2C(=O)OCCCCCCCCC1CC(NC(F)(F)F)C1Oc1ccsn1Cc1ccccc1CNc1ccsc1c1ccccc1c1ccoc1,-1.0
14,CN1C=NC2=C1NC(=O)NC2C(=O)OCCCCCCCCC1CC(NC(F)(F)F)C1Oc1ccsn1Cc1ccccc1CNc1ccsc1c1ccccc1S(=O)(=O),-1.0
14,CN1C=NC2=C1NC(=O)NC2C(=O)OCCCCCCCCC1CC(NC(F)(F)F)C1Oc1ccsn1Cc1ccccc1CNc1ccsc1c1ccccc1C1CC1,-1.0
15,CN1C=NC2=C1NC(=O)NC2C(=O)OCCCCCCCCC1CC(NC(F)(F)F)C1Oc1ccsn1Cc1ccccc1CNc1ccsc1c1ccccc1CCc1ccccc1,-1.0
15,CN1C=NC2=C1NC(=O)NC2C(=O)OCCCCCCCCC1CC(NC(F)(F)F)C1Oc1ccsn1Cc1ccccc1CNc1ccsc1c1ccccc1N(=O)=O,-1.0
15,CN1C=NC2=C1NC(=O)NC2C(=O)OCCCCCCCCC1CC(NC(F)(F)F)C1Oc1ccsn1Cc1ccccc1CNc1ccsc1c1ccccc1c1ccsn1,-1.0
15,CN1C=NC2=C1NC(=O)NC2C(=O)OCCCCCCCCC1CC(NC(F)(F)F)C1Oc1ccsn1Cc1ccccc1CNc1ccsc1c1ccccc1C,-1.0
15,CN1C=NC2=C1NC(=O)NC2C(=O)OCCCCCCCCC1CC(NC(F)(F)F)C1Oc1ccsn1Cc1ccccc1CNc1ccsc1c1ccccc1c1ccon1,-1.0
15,CN1C=NC2=C1NC(=O)NC2C(=O)OCCCCCCCCC1CC(NC(F)(F)F)C1Oc1ccsn1Cc1ccccc1CNc1ccsc1c1ccccc1C1CCCCC1,-1.0
15,CN1C=NC2=C1NC(=O)NC2C(=O)OCCCCCCCCC1CC(NC(F)(F)F)C1Oc1ccsn1Cc1ccccc1CNc1ccsc1c1ccccc1C1CCNC1,-1.0
15,NN1C=NC2=C1NC(=O)NC2C(=O)OCCCCCCCCC1CC(NC(F)(F)F)C1Oc1ccsn1Cc1ccccc1CNc1ccsc1c1ccccc1CCc1ccccc1,-1.0
16,CN1C=NC2=C1NC(=O)NC2C(=O)OCCCCCCCCC1CC(NC(F)(F)F)C1Oc1ccsn1Cc1ccccc1CNc1ccsc1c1ccccc1CCc1ccccc1F,-1.0
16,CN1C=NC2=C1NC(=O)NC2C(=O)OCCCCCCCCC1CC(NC(F)(F)F)C1Oc1ccsn1Cc1ccccc1CNc1ccsc1c1ccccc1CCc1ccccc1Cl,-1.0
16,CN1C=NC2=C1NC(=O)NC2C(=O)OCCCCCCCCC1CC(NC(F)(F)F)C1Oc1ccsn1Cc1ccccc1CNc1ccsc1c1ccccc1CCc1ccccc1CC,-1.0
16,CN1C=NC2=C1NC(=O)NC2C(=O)OCCCCCCCCC1CC(NC(F)(F)F)C1Oc1ccsn1Cc1ccccc1CNc1ccsc1c1ccccc1CCc1ccccc1O,-1.0
16,CN1C=NC2=C1NC(=O)NC2C(=O)OCCCCCCCCC1CC(NC(F)(F)F)C1Oc1ccsn1Cc1ccccc1CNc1ccsc1c1ccccc1CCc1ccccc1CC,-1.0
16,CN1C=NC2=C1NC(=O)NC2C(=O)OCCCCCCCCC1CC(NC(F)(F)F)C1Oc1ccsn1Cc1ccccc1CNc1ccsc1c1ccccc1CCc1ccccc1O,-1.0
16,CN1C=NC2=C1NC(=O)NC2C(=O)OCCCCCCCCC1CC(NC(F)(F)F)C1Oc1ccsn1Cc1ccccc1CNc1ccsc1c1ccccc1CCc1ccccc1O,-1.0
16,CN1C=NC2=C1NC(=S)NC2C(=O)OCCCCCCCCC1CC(NC(F)(F)F)C1Oc1ccsn1Cc1ccccc1CNc1ccsc1c1ccccc1CCc1ccccc1F,-1.0
17,CN1C=NC2=C1NC(=O)NC2C(=O)OCCCCCCCCC1CC(NC(F)(F)F)C1Oc1ccsn1Cc1ccccc1CNc1ccsc1c1ccccc1CCc1ccccc1CC,-1.0
17,CN1C=NC2=C1NC(=O)NC2C(=O)OCCCCCCCCC1CC(NC(F)(F)F)C1Oc1ccsn1Cc1ccccc1CNc1ccsc1c1ccccc1CCc1ccsc1,-1.0
17,CN1C=NC2=C1NC(=O)NC2C(=O)OCCCCCCCCC1CC(NC(F)(F)F)C1Oc1ccsn1Cc1ccccc1CNc1ccsc1c1ccccc1CCc1ccoc1,-1.0
17,CN1C=NC2=C1NC(=O)NC2C(=O)OCCCCCCCCC1CC(NC(F)(F)F)C1Oc1ccsn1Cc1ccccc1CNc1ccsc1c1ccccc1CCc1ccccc1C,-1.0
17,CN1C=NC2=C1NC(=O)NC2C(=O)OCCCCCCCCC1CC(NC(F)(F)F)C1Oc1ccsn1Cc1ccccc1CNc1ccsc1c1ccccc1CCc1ccccc1N,-1.0
17,CN1C=NC2=C1NC(=O)NC2C(=O)OCCCCCCCCC1CC(NC(F)(F)F)C1Oc1ccsn1Cc1ccccc1CNc1ccsc1c1ccccc1CCc1ccncc1,-1.0
17,CN1C=NC2=C1NC(=O)NC2C(=O)OCCCCCCCCC1CC(NC(F)(F)F)C1Oc1ccsn1Cc1ccccc1CNc1ccsc1c1ccccc1CCc1ccccc1N,-1.0
17,CN1C=NC2=C1NC(=O)NC2C(=O)OCCCCCCCCC1CC(NC(F)(F)F)C1Oc1ccsn1Cc1ccccc1CNc1ccsc1c1ccccc1CCc1ccncc1F,-1.0
18,CN1C=NC2=C1NC(=O)NC2C(=O)OCCCCCCCCC1CC(NC(F)(F)F)C1Oc1ccsn1Cc1ccccc1CNc1ccsc1c1ccccc1CCc1ccsc1C1CC1,-1.0
18,CN1C=NC2=C1NC(=O)NC2C(=O)OCCCCCCCCC1CC(NC(F)(F)F)C1Oc1ccsn1Cc1ccccc1CNc1ccsc1c1ccccc1CCc1ccsc1CC,-1.0
18,CN1C=NC2=C1NC(=O)NC2C(=O)OCCCCCCCCC1CC(NC(F)(F)F)C1Oc1ccsn1Cc1ccccc1CNc1ccsc1c1ccccc1CCc1ccsc1Cl,-1.0
18,CN1C=NC2=C1NC(=O)NC2C(=O)OCCCCCCCCC1CC(NC(F)(F)F)C1Oc1ccsn1Cc1ccccc1CNc1ccsc1c1ccccc1CCc1ccsc1CC,-1.0
18,CN1C=NC2=C1NC(=O)NC2C(=O)OCCCCCCCCC1CC(NC(F)(F)F)C1Oc1ccsn1Cc1ccccc1CNc1ccsc1c1ccccc1CCc1ccsc1Cl,-1.0
18,CN1C=NC2=C1NC(=O)NC2C(=O)OCCCCCCCCC1CC(NC(F)(F)F)C1Oc1ccsn1Cc1ccccc1CNc1ccsc1c1ccccc1CCc1ccsc1Cl,-1.0
18,CN1C=NC2=C1NC(=S)NC2C(=O)OCCCCCCCCC1CC(NC(F)(F)F)C1Oc1ccsn1Cc1ccccc1CNc1ccsc1c1ccccc1CCc1ccsc1C1CC1,-1.0
18,NN1C=NC2=C1NC(=O)NC2C(=O)OCCCCCCCCC1CC(NC(F)(F)F)C1Oc1ccsn1Cc1ccccc1CNc1ccsc1c1ccccc1CCc1ccsc1C1CC1,-1.0
19,CN1C=NC2=C1NC(=O)NC2C(=O)OCCCCCCCCC1CC(NC(F)(F)F)C1Oc1ccsn1Cc1ccccc1CNc1ccsc1c1ccccc1CCc1ccsc1C1CC1F,-1.0
19,CN1C=NC2=C1NC(=O)NC2C(=O)OCCCCCCCCC1CC(NC(F)(F)F)C1Oc1ccsn1Cc1ccccc1CNc1ccsc1c1ccccc1CCc1ccsc1C1CC1F,-1.0
19,CN1C=NC2=C1NC(=O)NC2C(=O)OCCCCCCCCC1CC(NC(F)(F)F)C1Oc1ccsn1Cc1ccccc1CNc1ccsc1c1ccccc1CCc1ccsc1C1CC1F,-1.0
19,NN1C=NC2=C1NC(=O)NC2C(=O)OCCCCCCCCC1CC(NC(F)(F)F)C1Oc1ccsn1Cc1ccccc1CNc1ccsc1c1ccccc1CCc1ccsc1C1CC1F,-1.0
19,CN1C=NC2=C1NC(=S)NC2C(=O)OCCCCCCCCC1CC(NC(F)(F)F)C1Oc1ccsn1Cc1ccccc1CNc1ccsc1c1ccccc1CCc1ccsc1C1CC1F,-1.0
19,CN1C=NC2=C1NC(=O)NC2C(=O)OCCCCCCCCC1CC(NC(F)(F)F)C1Oc1ccsn1Cc1ccccc1CNc1ccsc1c1ccccc1CCc1ccsc1C1CC1F,-1.0
19,CN1C=NC2=C1NC(=S)NC2C(=O)OCCCCCCCCC1CC(NC(F)(F)F)C1Oc1ccsn1Cc1ccccc1CNc1ccsc1c1ccccc1CCc1ccsc1C1CC1F,-1.0
19,NN1C=NC2=C1NC(=O)NC2C(=O)OCCCCCCCCC1CC(NC(F)(F)F)C1Oc1ccsn1Cc1ccccc1CNc1ccsc1c1ccccc1CCc1ccsc1C1CC1F,-1.0
20,NN1C=NC2=C1NC(=O)NC2C(=O)OCCCCCCCCC1CC(NC(F)(F)F)C1Oc1ccsn1Cc1ccccc1CNc1ccsc1c1ccccc1CCc1ccsc1C1CCC1,-1.0
20,ON1C=NC2=C1NC(=O)NC2C(=O)OCCCCCCCCC1CC(NC(F)(F)F)C1Oc1ccsn1Cc1ccccc1CNc1ccsc1c1ccccc1CCc1ccsc1C1CCC1,-1.0
20,ON1C=NC2=C1NC(=O)NC2C(=O)OCCCCCCCCC1CC(NC(F)(F)F)C1Oc1ccsn1Cc1ccccc1CNc1ccsc1c1ccccc1CCc1ccsc1C1CCC1,-1.0
20,ON1C=NC2=C1NC(=O)NC2C(=O)OCCCCCCCCC1CC(NC(F)(F)F)C1Oc1ccsn1Cc1ccccc1CNc1ccsc1c1ccccc1CCc1ccsc1C1CCC1,-1.0
20,NN1N=NC2=C1NC(=O)NC2C(=O)OCCCCCCCCC1CC(NC(F)(F)F)C1Oc1ccsn1Cc1ccccc1CNc1ccsc1c1ccccc1CCc1ccsc1C1CCC1,-1.0
20,NN1N=NC2=C1NC(=O)NC2C(=O)OCCCCCCCCC1CC(NC(F)(F)F)C1Oc1ccsn1Cc1ccccc1CNc1ccsc1c1ccccc1CCc1ccsc1C1CCC1,-1.0
20,NN1C=NC2=C1NC(=S)NC2C(=O)OCCCCCCCCC1CC(NC(F)(F)F)C1Oc1ccsn1Cc1ccccc1CNc1ccsc1c1ccccc1CCc1ccsc1C1CCC1,-1.0
20,NN1N=NC2=C1NC(=O)NC2C(=O)OCCCCCCCCC1CC(NC(F)(F)F)C1Oc1ccsn1Cc1ccccc1CNc1ccsc1c1ccccc1CCc1ccsc1C1CCC1,-1.0
21,NN1C=NC2=C1NC(=S)NC2C(=O)OCCCCCCCCC1CC(NC(F)(F)F)C1Oc1ccsn1Cc1ccccc1CNc1ccsc1c1ccccc1CCc1ccsc1C1CCC1,-1.0
21,NN1C=NC2=C1NC(=S)NC2C(=S)OCCCCCCCCC1CC(NC(F)(F)F)C1Oc1ccsn1Cc1ccccc1CNc1ccsc1c1ccccc1CCc1ccsc1C1CCC1,-1.0
21,NN1C=NC2=C1NC(=S)NC2C(=S)OCCCCCCCCC1CC(NC(F)(F)F)C1Oc1ccsn1Cc1ccccc1CNc1ccsc1c1ccccc1CCc1ccsc1C1CCC1,-1.0
21,NN1C=NC2=C1NC(=S)NC2C(=O)OCCCCCCCCC1CC(NC(F)(F)F)C1Oc1ccsn1Cc1ccccc1CNc1ccsc1c1ccccc1CCc1ccsc1C1CCC1,-1.0
21,ON1C=NC2=C1NC(=S)NC2C(=O)OCCCCCCCCC1CC(NC(F)(F)F)C1Oc1ccsn1Cc1ccccc1CNc1ccsc1c1ccccc1CCc1ccsc1C1CCC1,-1.0
21,NN1C=NC2=C1NC(=S)NC2C(=O)OCCCCCCCCC1CC(NC(F)(F)F)C1Oc1ccsn1Cc1ccccc1CNc1ccsc1c1ccccc1CCc1ccsc1C1CCC1,-1.0
21,ON1C=NC2=C1NC(=S)NC2C(=O)OCCCCCCCCC1CC(NC(F)(F)F)C1Oc1ccsn1Cc1ccccc1CNc1ccsc1c1ccccc1CCc1ccsc1C1CCC1,-1.0
21,NN1C=NC2=C1NC(=S)NC2C(=S)OCCCCCCCCC1CC(NC(F)(F)F)C1Oc1ccsn1Cc1ccccc1CNc1ccsc1c1ccccc1CCc1ccsc1C1CCC1,-1.0
22,OO1C=NC2=C1NC(=S)NC2C(=O)OCCCCCCCCC1CC(NC(F)(F)F)C1Oc1ccsn1Cc1ccccc1CNc1ccsc1c1ccccc1CCc1ccsc1C1CCC1,-1.0
22,OO1N=NC2=C1NC(=S)NC2C(=O)OCCCCCCCCC1CC(NC(F)(F)F)C1Oc1ccsn1Cc1ccccc1CNc1ccsc1c1ccccc1CCc1ccsc1C1CCC1,-1.0
22,SO1C=NC2=C1NC(=S)NC2C(=O)OCCCCCCCCC1CC(NC(F)(F)F)C1Oc1ccsn1Cc1ccccc1CNc1ccsc1c1ccccc1CCc1ccsc1C1CCC1,-1.0
22,OO1C=NC2=C1NC(=S)NC2C(=O)OCCCCCCCCC1CC(NC(F)(F)F)C1Oc1ccsn1Cc1ccccc1CNc1ccsc1c1ccccc1CCc1ccsc1C1CCC1,-1.0
22,OO1C=OC2=C1NC(=S)NC2C(=O)OCCCCCCCCC1CC(NC(F)(F)F)C1Oc1ccsn1Cc1ccccc1CNc1ccsc1c1ccccc1CCc1ccsc1C1CCC1,-1.0
22,OO1C=OC2=C1NC(=S)NC2C(=O)OCCCCCCCCC1CC(NC(F)(F)F)C1Oc1ccsn1Cc1ccccc1CNc1ccsc1c1ccccc1CCc1ccsc1C1CCC1,-1.0
22,OO1C=OC2=C1NC(=S)NC2C(=O)OCCCCCCCCC1CC(NC(F)(F)F)C1Oc1ccsn1Cc1ccccc1CNc1ccsc1c1ccccc1CCc1ccsc1C1CCC1,-1.0
22,OO1C=OC2=C1NC(=S)NC2C(=O)OCCCCCCCCC1CC(NC(F)(F)F)C1Oc1ccsn1Cc1ccccc1CNc1ccsc1c1ccccc1CCc1ccsc1C1CCC1,-1.0
23,SO1N=NC2=C1NC(=S)NC2C(=O)OCCCCCCCCC1CC(NC(F)(F)F)C1Oc1ccsn1Cc1ccccc1CNc1ccsc1c1ccccc1CCc1ccsc1C1CCC1,-1.0
23,SS1N=NC2=C1NC(=S)NC2C(=O)OCCCCCCCCC1CC(NC(F)(F)F)C1Oc1ccsn1Cc1ccccc1CNc1ccsc1c1ccccc1CCc1ccsc1C1CCC1,-1.0
23,SO1N=NN2=C1NC(=S)NC2C(=O)OCCCCCCCCC1CC(NC(F)(F)F)C1Oc1ccsn1Cc1ccccc1CNc1ccsc1c1ccccc1CCc1ccsc1C1CCC1,-1.0
23,SO1O=NC2=C1NC(=S)NC2C(=O)OCCCCCCCCC1CC(NC(F)(F)F)C1Oc1ccsn1Cc1ccccc1CNc1ccsc1c1ccccc1CCc1ccsc1C1CCC1,-1.0
23,SO1N=NN2=C1NC(=S)NC2C(=O)OCCCCCCCCC1CC(NC(F)(F)F)C1Oc1ccsn1Cc1ccccc1CNc1ccsc1c1ccccc1CCc1ccsc1C1CCC1,-1.0
23,SO1N=NN2=C1NC(=S)NC2C(=O)OCCCCCCCCC1CC(NC(F)(F)F)C1Oc1ccsn1Cc1ccccc1CNc1ccsc1c1ccccc1CCc1ccsc1C1CCC1,-1.0
23,SO1O=NC2=C1NC(=S)NC2C(=O)OCCCCCCCCC1CC(NC(F)(F)F)C1Oc1ccsn1Cc1ccccc1CNc1ccsc1c1ccccc1CCc1ccsc1C1CCC1,-1.0
23,SO1N=NC2=C1NC(=S)NC2C(=O)OCCCCCCCCC1CC(NC(F)(F)F)C1Oc1ccsn1Cc1ccccc1CNc1ccsc1c1ccccc1CCc1ccsc1C1CCC1,-1.0
24,SS1O=NC2=C1NC(=S)NC2C(=O)OCCCCCCCCC1CC(NC(F)(F)F)C1Oc1ccsn1Cc1ccccc1CNc1ccsc1c1ccccc1CCc1ccsc1C1CCC1,-1.0
24,SS1O=OC2=C1NC(=S)NC2C(=O)OCCCCCCCCC1CC(NC(F)(F)F)C1Oc1ccsn1Cc1ccccc1CNc1ccsc1c1ccccc1CCc1ccsc1C1CCC1,-1.0
24,SS1O=NC2=C1NC(=S)NC2C(=O)OCCCCCCCCC1CC(NC(F)(F)F)C1Oc1ccsn1Cc1ccccc1CNc1ccsc1c1ccccc1CCc1ccsc1C1CCC1,-1.0
24,SS1O=NN2=C1NC(=S)NC2C(=O)OCCCCCCCCC1CC(NC(F)(F)F)C1Oc1ccsn1Cc1ccccc1CNc1ccsc1c1ccccc1CCc1ccsc1C1CCC1,-1.0
24,SS1O=NN2=C1NC(=S)NC2C(=O)OCCCCCCCCC1CC(NC(F)(F)F)C1Oc1ccsn1Cc1ccccc1CNc1ccsc1c1ccccc1CCc1ccsc1C1CCC1,-1.0
24,SS1O=NN2=C1NC(=S)NC2C(=O)OCCCCCCCCC1CC(NC(F)(F)F)C1Oc1ccsn1Cc1ccccc1CNc1ccsc1c1ccccc1CCc1ccsc1C1CCC1,-1.0
24,SS1S=NC2=C1NC(=S)NC2C(=O)OCCCCCCCCC1CC(NC(F)(F)F)C1Oc1ccsn1Cc1ccccc1CNc1ccsc1c1ccccc1CCc1ccsc1C1CCC1,-1.0
24,SS1S=NC2=C1NC(=S)NC2C(=O)OCCCCCCCCC1CC(NC(F)(F)F)C1Oc1ccsn1Cc1ccccc1CNc1ccsc1c1ccccc1CCc1ccsc1C1CCC1,-1.0
25,SS1O=ON2=C1NC(=S)NC2C(=O)OCCCCCCCCC1CC(NC(F)(F)F)C1Oc1ccsn1Cc1ccccc1CNc1ccsc1c1ccccc1CCc1ccsc1C1CCC1,-1.0
25,SS1O=ON2=C1NC(=S)NC2C(=O)OCCCCCCCCC1CC(NC(F)(F)F)C1Oc1ccsn1Cc1ccccc1CNc1ccsc1c1ccccc1CCc1ccsc1C1CCC1,-1.0
25,SS1O=OO2=C1NC(=S)NC2C(=O)OCCCCCCCCC1CC(NC(F)(F)F)C1Oc1ccsn1Cc1ccccc1CNc1ccsc1c1ccccc1CCc1ccsc1C1CCC1,-1.0
25,SS1S=ON2=C1NC(=S)NC2C(=O)OCCCCCCCCC1CC(NC(F)(F)F)C1Oc1ccsn1Cc1ccccc1CNc1ccsc1c1ccccc1CCc1ccsc1C1CCC1,-1.0
25,SS1O=OO2=C1NC(=S)NC2C(=O)OCCCCCCCCC1CC(NC(F)(F)F)C1Oc1ccsn1Cc1ccccc1CNc1ccsc1c1ccccc1CCc1ccsc1C1CCC1,-1.0
25,SS1O=OO2=C1NC(=S)NC2C(=O)OCCCCCCCCC1CC(NC(F)(F)F)C1Oc1ccsn1Cc1ccccc1CNc1ccsc1c1ccccc1CCc1ccsc1C1CCC1,-1.0
25,SS1O=ON2=C1NC(=S)NC2C(=O)OCCCCCCCCC1CC(NC(F)(F)F)C1Oc1ccsn1Cc1ccccc1CNc1ccsc1c1ccccc1CCc1ccsc1C1CCC1,-1.0
25,SS1S=ON2=C1NC(=S)NC2C(=O)OCCCCCCCCC1CC(NC(F)(F)F)C1Oc1ccsn1Cc1ccccc1CNc1ccsc1c1ccccc1CCc1ccsc1C1CCC1,-1.0
26,SS1S=ON2=C1NC(=S)NC2C(=O)OCCCCCCCCC1CC(NC(F)(F)F)C1Oc1ccsn1Cc1ccccc1CNc1ccsc1c1ccccc1CCc1ccsc1C1CCC1,-1.0
26,SS1S=OO2=C1NC(=S)NC2C(=O)OCCCCCCCCC1CC(NC(F)(F)F)C1Oc1ccsn1Cc1ccccc1CNc1ccsc1c1ccccc1CCc1ccsc1C1CCC1,-1.0
26,SS1S=OO2=C1NC(=S)NC2C(=O)OCCCCCCCCC1CC(NC(F)(F)F)C1Oc1ccsn1Cc1ccccc1CNc1ccsc1c1ccccc1CCc1ccsc1C1CCC1,-1.0
26,SS1S=ON2=N1NC(=S)NC2C(=O)OCCCCCCCCC1CC(NC(F)(F)F)C1Oc1ccsn1Cc1ccccc1CNc1ccsc1c1ccccc1CCc1ccsc1C1CCC1,-1.0
26,SS1S=OO2=C1NC(=S)NC2C(=O)OCCCCCCCCC1CC(NC(F)(F)F)C1Oc1ccsn1Cc1ccccc1CNc1ccsc1c1ccccc1CCc1ccsc1C1CCC1,-1.0
26,SS1S=SN2=C1NC(=S)NC2C(=O)OCCCCCCCCC1CC(NC(F)(F)F)C1Oc1ccsn1Cc1ccccc1CNc1ccsc1c1ccccc1CCc1ccsc1C1CCC1,-1.0
26,SS1S=ON2=C1NC(=S)NC2C(=O)OCCCCCCCCC1CC(NC(F)(F)F)C1Oc1ccsn1Cc1ccccc1CNc1ccsc1c1ccccc1CCc1ccsc1C1CCC1,-1.0
26,SS1S=OO2=C1NC(=S)NC2C(=O)OCCCCCCCCC1CC(NC(F)(F)F)C1Oc1ccsn1Cc1ccccc1CNc1ccsc1c1ccccc1CCc1ccsc1C1CCC1,-1.0
27,SS1S=SN2=N1NC(=S)NC2C(=O)OCCCCCCCCC1CC(NC(F)(F)F)C1Oc1ccsn1Cc1ccccc1CNc1ccsc1c1ccccc1CCc1ccsc1C1CCC1,-1.0
27,SS1S=SO2=N1NC(=S)NC2C(=O)OCCCCCCCCC1CC(NC(F)(F)F)C1Oc1ccsn1Cc1ccccc1CNc1ccsc1c1ccccc1CCc1ccsc1C1CCC1,-1.0
27,SS1S=SN2=N1NC(=S)NC2C(=S)OCCCCCCCCC1CC(NC(F)(F)F)C1Oc1ccsn1Cc1ccccc1CNc1ccsc1c1ccccc1CCc1ccsc1C1CCC1,-1.0
27,SS1S=SN2=N1NC(=S)NC2C(=S)OCCCCCCCCC1CC(NC(F)(F)F)C1Oc1ccsn1Cc1ccccc1CNc1ccsc1c1ccccc1CCc1ccsc1C1CCC1,-1.0
27,SS1S=SN2=N1NC(=S)NC2C(=S)OCCCCCCCCC1CC(NC(F)(F)F)C1Oc1ccsn1Cc1ccccc1CNc1ccsc1c1ccccc1CCc1ccsc1C1CCC1,-1.0
27,SS1S=SN2=N1NC(=S)NC2C(=O)OCCCCCCCCC1CC(NC(F)(F)F)C1Oc1ccsn1Cc1ccccc1CNc1ccsc1c1ccccc1CCc1ccsc1C1CCC1,-1.0
27,SS1S=SN2=N1NN(=S)NC2C(=O)OCCCCCCCCC1CC(NC(F)(F)F)C1Oc1ccsn1Cc1ccccc1CNc1ccsc1c1ccccc1CCc1ccsc1C1CCC1,-1.0
27,SS1S=SN2=N1NN(=S)NC2C(=O)OCCCCCCCCC1CC(NC(F)(F)F)C1Oc1ccsn1Cc1ccccc1CNc1ccsc1c1ccccc1CCc1ccsc1C1CCC1,-1.0
28,SS1S=SO2=O1NC(=S)NC2C(=O)OCCCCCCCCC1CC(NC(F)(F)F)C1Oc1ccsn1Cc1ccccc1CNc1ccsc1c1ccccc1CCc1ccsc1C1CCC1,-1.0
28,SS1S=SO2=O1NC(=S)NC2C(=O)OCCCCCCCCC1CC(NC(F)(F)F)C1Oc1ccsn1Cc1ccccc1CNc1ccsc1c1ccccc1CCc1ccsc1C1CCC1,-1.0
28,SS1S=SO2=O1NC(=S)NC2C(=O)OCCCCCCCCC1CC(NC(F)(F)F)C1Oc1ccsn1Cc1ccccc1CNc1ccsc1c1ccccc1CCc1ccsc1C1CCC1,-1.0
28,SS1S=SO2=O1NN(=S)NC2C(=O)OCCCCCCCCC1CC(NC(F)(F)F)C1Oc1ccsn1Cc1ccccc1CNc1ccsc1c1ccccc1CCc1ccsc1C1CCC1,-1.0
28,SS1S=SO2=O1NC(=S)NC2C(=O)OCCCCCCCCC1CC(NC(F)(F)F)C1Oc1ccsn1Cc1ccccc1CNc1ccsc1c1ccccc1CCc1ccsc1C1CCC1,-1.0
28,SS1S=SS2=O1NC(=S)NC2C(=O)OCCCCCCCCC1CC(NC(F)(F)F)C1Oc1ccsn1Cc1ccccc1CNc1ccsc1c1ccccc1CCc1ccsc1C1CCC1,-1.0
28,SS1S=SO2=O1NC(=S)NC2C(=O)OCCCCCCCCC1CC(NC(F)(F)F)C1Oc1ccsn1Cc1ccccc1CNc1ccsc1c1ccccc1CCc1ccsc1C1CCC1,-1.0
28,SS1S=SO2=O1NC(=S)NC2C(=O)OCCCCCCCCC1CC(NC(F)(F)F)C1Oc1ccsn1Cc1ccccc1CNc1ccsc1c1ccccc1CCc1ccsc1C1CCC1,-1.0
29,SS1S=SO2=O1NN(=S)NC2C(=O)OCCCCCCCCC1CC(NC(F)(F)F)C1Oc1ccsn1Cc1ccccc1CNc1ccsc1c1ccccc1CCc1ccsc1C1CCC1,-1.0
29,SS1S=SO2=O1NN(=S)NC2C(=O)OCCCCCCCCC1CC(NC(F)(F)F)C1Oc1ccsn1Cc1ccccc1CNc1ccsc1c1ccccc1CCc1ccsc1C1CCC1,-1.0
29,SS1S=SO2=O1NN(=S)NC2C(=O)OCCCCCCCCC1CC(NC(F)(F)F)C1Oc1ccsn1Cc1ccccc1CNc1ccsc1c1ccccc1CCc1ccsc1C1CCC1,-1.0
29,SS1S=SO2=O1NN(=S)NC2C(=O)OCCCCCCCCC1CC(NC(F)(F)F)C1Oc1ccsn1Cc1ccccc1CNc1ccsc1c1ccccc1CCc1ccsc1C1CCC1,-1.0
29,SS1S=SO2=O1NN(=S)NN2C(=O)OCCCCCCCCC1CC(NC(F)(F)F)C1Oc1ccsn1Cc1ccccc1CNc1ccsc1c1ccccc1CCc1ccsc1C1CCC1,-1.0
29,SS1S=SO2=O1NN(=S)NN2C(=O)OCCCCCCCCC1CC(NC(F)(F)F)C1Oc1ccsn1Cc1ccccc1CNc1ccsc1c1ccccc1CCc1ccsc1C1CCC1,-1.0
29,SS1S=SO2=O1NN(=S)NN2C(=O)OCCCCCCCCC1CC(NC(F)(F)F)C1Oc1ccsn1Cc1ccccc1CNc1ccsc1c1ccccc1CCc1ccsc1C1CCC1,-1.0
29,SS1S=SS2=O1NN(=S)NC2C(=O)OCCCCCCCCC1CC(NC(F)(F)F)C1Oc1ccsn1Cc1ccccc1CNc1ccsc1c1ccccc1CCc1ccsc1C1CCC1,-1.0
30,SS1S=SS2=S1NN(=S)NC2C(=O)OCCCCCCCCC1CC(NC(F)(F)F)C1Oc1ccsn1Cc1ccccc1CNc1ccsc1c1ccccc1CCc1ccsc1C1CCC1,-1.0
30,SS1S=SS2=S1NN(=S)NN2C(=O)OCCCCCCCCC1CC(NC(F)(F)F)C1Oc1ccsn1Cc1ccccc1CNc1ccsc1c1ccccc1CCc1ccsc1C1CCC1,-1.0
30,SS1S=SS2=S1NN(=S)NC2C(=S)OCCCCCCCCC1CC(NC(F)(F)F)C1Oc1ccsn1Cc1ccccc1CNc1ccsc1c1ccccc1CCc1ccsc1C1CCC1,-1.0
30,SS1S=SS2=S1ON(=S)NC2C(=O)OCCCCCCCCC1CC(NC(F)(F)F)C1Oc1ccsn1Cc1ccccc1CNc1ccsc1c1ccccc1CCc1ccsc1C1CCC1,-1.0
30,SS1S=SS2=S1NN(=S)NC2C(=S)OCCCCCCCCC1CC(NC(F)(F)F)C1Oc1ccsn1Cc1ccccc1CNc1ccsc1c1ccccc1CCc1ccsc1C1CCC1,-1.0
30,SS1S=SS2=S1ON(=S)NC2C(=O)OCCCCCCCCC1CC(NC(F)(F)F)C1Oc1ccsn1Cc1ccccc1CNc1ccsc1c1ccccc1CCc1ccsc1C1CCC1,-1.0
30,SS1S=SS2=S1NN(=S)NC2C(=S)OCCCCCCCCC1CC(NC(F)(F)F)C1Oc1ccsn1Cc1ccccc1CNc1ccsc1c1ccccc1CCc1ccsc1C1CCC1,-1.0
30,SS1S=SS2=S1NN(=S)NC2C(=S)OCCCCCCCCC1CC(NC(F)(F)F)C1Oc1ccsn1Cc1ccccc1CNc1ccsc1c1ccccc1CCc1ccsc1C1CCC1,-1.0
31,SS1S=SS2=S1NN(=S)NC2C(=S)OCCCCCCCCC1CC(NC(F)(F)F)C1Oc1ccsn1Cc1ccccc1CNc1ccsc1c1ccccc1CCc1ccsc1C1CCC1,-1.0
31,SS1S=SS2=S1NN(=S)NC2C(=S)SCCCCCCCCC1CC(NC(F)(F)F)C1Oc1ccsn1Cc1ccccc1CNc1ccsc1c1ccccc1CCc1ccsc1C1CCC1,-1.0
31,SS1S=SS2=S1ON(=S)NC2C(=S)OCCCCCCCCC1CC(NC(F)(F)F)C1Oc1ccsn1Cc1ccccc1CNc1ccsc1c1ccccc1CCc1ccsc1C1CCC1,-1.0
31,SS1S=SS2=S1NN(=S)NC2C(=S)OCCCCCCCCC1CC(NC(F)(F)F)C1Oc1ccsn1Cc1ccccc1CNc1ccsc1c1ccccc1CCc1ccsc1C1CCC1,-1.0
31,SS1S=SS2=S1NN(=S)NN2C(=S)OCCCCCCCCC1CC(NC(F)(F)F)C1Oc1ccsn1Cc1ccccc1CNc1ccsc1c1ccccc1CCc1ccsc1C1CCC1,-1.0
31,SS1S=SS2=S1NN(=S)NN2C(=S)OCCCCCCCCC1CC(NC(F)(F)F)C1Oc1ccsn1Cc1ccccc1CNc1ccsc1c1ccccc1CCc1ccsc1C1CCC1,-1.0
31,SS1S=SS2=S1NN(=S)NN2C(=S)OCCCCCCCCC1CC(NC(F)(F)F)C1Oc1ccsn1Cc1ccccc1CNc1ccsc1c1ccccc1CCc1ccsc1C1CCC1,-1.0
31,SS1S=SS2=S1ON(=S)NC2C(=S)OCCCCCCCCC1CC(NC(F)(F)F)C1Oc1ccsn1Cc1ccccc1CNc1ccsc1c1ccccc1CCc1ccsc1C1CCC1,-1.0
32,SS1S=SS2=S1NN(=S)NC2C(=S)SCCCCCCCCC1CC(NC(F)(F)F)C1Sc1ccsn1Cc1ccccc1CNc1ccsc1c1ccccc1CCc1ccsc1C1CCC1,-1.0
32,SS1S=SS2=S1ON(=S)NC2C(=S)SCCCCCCCCC1CC(NC(F)(F)F)C1Sc1ccsn1Cc1ccccc1CNc1ccsc1c1ccccc1CCc1ccsc1C1CCC1,-1.0
32,SS1S=SS2=S1NN(=S)NN2C(=S)SCCCCCCCCC1CC(NC(F)(F)F)C1Sc1ccsn1Cc1ccccc1CNc1ccsc1c1ccccc1CCc1ccsc1C1CCC1,-1.0
32,SS1S=SS2=S1NN(=S)NC2C(=S)SCCCCCCCCC1CC(NC(F)(F)F)C1Sc1ccsn1Cc1ccccc1CNc1ccsc1c1ccccc1CCc1ccsc1C1CCC1,-1.0
32,SS1S=SS2=S1NN(=S)NN2C(=S)SCCCCCCCCC1CC(NC(F)(F)F)C1Sc1ccsn1Cc1ccccc1CNc1ccsc1c1ccccc1CCc1ccsc1C1CCC1,-1.0
32,SS1S=SS2=S1ON(=S)NC2C(=S)SCCCCCCCCC1CC(NC(F)(F)F)C1Sc1ccsn1Cc1ccccc1CNc1ccsc1c1ccccc1CCc1ccsc1C1CCC1,-1.0
32,SS1S=SS2=S1ON(=S)NC2C(=S)SCCCCCCCCC1CC(NC(F)(F)F)C1Sc1ccsn1Cc1ccccc1CNc1ccsc1c1ccccc1CCc1ccsc1C1CCC1,-1.0
32,SS1S=SS2=S1NN(=S)NC2C(=S)SCCCCCCCCC1CC(NC(F)(F)F)C1Sc1ccsn1Cc1ccccc1CNc1ccsc1c1ccccc1CCc1ccsc1C1CCC1,-1.0
33,SS1S=SS2=S1NN(=S)NN2C(=S)SCCCCCCCCC1CC(NC(F)(F)F)C1Sc1ccsn1Cc1ccccc1CNc1ccsc1c1ccccc1CCc1ccsc1C1CCC1,-1.0
33,SS1S=SS2=S1ON(=S)NN2C(=S)SCCCCCCCCC1CC(NC(F)(F)F)C1Sc1ccsn1Cc1ccccc1CNc1ccsc1c1ccccc1CCc1ccsc1C1CCC1,-1.0
33,SS1S=SS2=S1NN(=S)NN2C(=S)SCCCCCCCCC1CC(NC(F)(F)F)C1Sc1ccsn1Cc1ccccc1CNc1ccsc1c1ccccc1CCc1ccsc1C1CCC1,-1.0
33,SS1S=SS2=S1ON(=S)NN2C(=S)SCCCCCCCCC1CC(NC(F)(F)F)C1Sc1ccsn1Cc1ccccc1CNc1ccsc1c1ccccc1CCc1ccsc1C1CCC1,-1.0
33,SS1S=SS2=S1NN(=S)NN2N(=S)SCCCCCCCCC1CC(NC(F)(F)F)C1Sc1ccsn1Cc1ccccc1CNc1ccsc1c1ccccc1CCc1ccsc1C1CCC1,-1.0
33,SS1S=SS2=S1ON(=S)NN2C(=S)SCCCCCCCCC1CC(NC(F)(F)F)C1Sc1ccsn1Cc1ccccc1CNc1ccsc1c1ccccc1CCc1ccsc1C1CCC1,-1.0
33,SS1S=SS2=S1ON(=S)NN2C(=S)SCCCCCCCCC1CC(NC(F)(F)F)C1Sc1ccsn1Cc1ccccc1CNc1ccsc1c1ccccc1CCc1ccsc1C1CCC1,-1.0
33,SS1S=SS2=S1NN(=S)NN2C(=S)SCCCCCCCCC1CC(NC(F)(F)F)C1Sc1ccsn1Cc1ccccc1CNc1ccsc1c1ccccc1CCc1ccsc1C1CCC1,-1.0
1,CN1C(CCC1)c1cccnc1,0.09278350515463918
1,C1CCOC1c1cccnc1,0.07216494845360824
1,C1CCCc1c1cccnc1,-1.0
1,CN1CCCC1c1cccnc1,0.09278350515463918
1,CN1CCOCC1c1cccnc1,0.09
1,CN1C=C2C(=CC=CC2=N1)c1cccnc1,0.20408163265306123
1,CN1C=CSN1c1cccnc1,0.1276595744680851
1,CN1CCCC1c1c[nH]c1,-1.0
2,c1ccc(cc1)-c1cccnc1,0.17582417582417584
2,C1CCCN1c1cccnc1,0.09473684210526316
2,c1cccnc1-c1nnnc1,-1.0
2,c1ccoc1-c1cccnc1,0.14285714285714285
2,c1cccnc1-c1cncn1,-1.0
2,c1cccnc1-c1ccc[nH]1,0.13043478260869565
2,c1cccnc1-c1cscn1,0.10638297872340426
2,c1cccnc1-c1nc2cccnc2n1,-1.0
3,c1ccc(o1)-c1cccnc1,0.14285714285714285
3,C1CCCCC1-c1cccnc1,0.07
3,C1CCCC1-c1cccnc1,0.07216494845360824
3,c1cncnn1-c1cccnc1,-1.0
3,c1cnc[nH]1-c1cccnc1,-1.0
3,C1CCCCCC1-c1cccnc1,0.06796116504854369
3,c1ccc(cc1)-c1cccnc1,0.17582417582417584
3,c1cocn1-c1cccnc1,-1.0
4,c1ccc(o1)-c1cccnc1O,0.1276595744680851
4,c1cncnn1-c1cccnc1,-1.0
4,C1CCC(O1)-C1CCCNC1,0.0
4,c1ccc2c(c1)-c1cccnc1,-1.0
4,c1ccc2c(c1O)-c1cccnc1,-1.0
4,c1ccc2c(c1)-c1cccnc1,-1.0
4,C1CCCC1-c1cccnc1,0.07216494845360824
4,c1ccc(o1)-c1cccnc1,0.14285714285714285
5,c1ccc2c(c1)ccc(n2)O,0.15730337078651685
5,c1ccc(o1)-c1ccc(n1)N,-1.0
5,C1=C(C(O1)C2=CC=CN2)C(=O)N,0.09375
5,c1ccc2c(c1)c[nH]2-c1cccnc1O,-1.0
5,c1ccc2c(c1)s2-c1cccnc1O,-1.0
5,c1cccnc1-c1ccc(o1)-c1cccnc1O,0.18095238095238095
5,c1cncnc1-c1ccc(o1)-c1cccnc1O,0.16981132075471697
5,c1ccc(o1)-c1cccn1,-1.0
6,c1cccnc1-c1ccc(o1)-c1cccnc1O-C(F)(F)F,0.24074074074074073
6,c1cccnc1-c1ccc(o1)-c1cccnc1O-C1CCC1,0.1623931623931624
6,c1cccnc1-c1ccc(o1)-c1cccnc1O-C,0.18691588785046728
6,c1cccnc1-c1ccc(o1)-c1cccnc1O-C1COCCN1,0.1532258064516129
6,c1cccnc1-c1ccc(o1)-c1cccnc1O-c1ccncc1,0.18181818181818182
6,c1cccnc1-c1ccc(o1)-c1cccnc1O-c1c[nH]cn1,0.16666666666666666
6,c1cccnc1-c1ccc(o1)-c1cccnc1O-C(=O)C,0.1891891891891892
6,c1cccnc1-c1ccc(o1)-c1cccnc1O-C1CCNC1,0.15702479338842976
7,c1cccnc1-c1ccc(o1)-c1cccnc1O-C(F)(F)F-C1CC1,-1.0
7,c1cccnc1-c1ccc(o1)-c1cccnc1O-C(F)(F)F-C,-1.0
7,c1cccnc1-c1ccc(o1)-c1cccnc1O-C(F)(F)F-c1ccsn1,-1.0
7,c1cccnc1-c1ccc(o1)-c1cccnc1O-C(F)(F)F-c1c[nH]cn1,-1.0
7,c1cccnc1-c1ccc(o1)-c1cccnc1O-C(F)(F)F-c1ccsc1,-1.0
7,c1cccnc1-c1ccc(o1)-c1cccnc1O-C(F)(F)F-F,-1.0
7,c1cccnc1-c1ccc(o1)-c1cccnc1O-C(F)(F)F-CCC,-1.0
7,c1cccnc1-c1ccc(o1)-c1cccnc1O-C(F)(F)F-O,-1.0
8,c1cccnc1-c1ccc(o1)-c1cccnc1O-C(F)(F)F-C1CC1CCC,-1.0
8,c1cccnc1-c1ccc(o1)-c1cccnc1O-C(F)(F)F-C1CC1C(F)(F)F,-1.0
8,c1cccnc1-c1ccc(o1)-c1cccnc1O-C(F)(F)F-C1CC1C,-1.0
8,c1cccnc1-c1ccc(o1)-c1cccnc1O-C(F)(F)F-C1CC1N(=O)=O,-1.0
8,c1cccnc1-c1ccc(o1)-c1cccnc1O-C(F)(F)F-C1CC1C1CCNC1,-1.0
8,c1cccnc1-c1ccc(o1)-c1cccnc1O-C(F)(F)F-C1CC1c1ccsc1,-1.0
8,c1cccnc1-c1ccc(o1)-c1cccnc1O-C(F)(F)F-C1CC1F,-1.0
8,c1cccnc1-c1ccc(o1)-c1cccnc1O-C(F)(F)F-C1CC1N,-1.0
9,c1cccnc1-c1ccc(o1)-c1cccnc1O-C(F)(F)F-C1CC1CCC-C(F)(F)F,-1.0
9,c1cccnc1-c1ccc(o1)-c1cccnc1O-Cc1ccccc1-C1CC1CCC,0.16428571428571428
9,c1cccnc1-c1ccc(o1)-c1cccnc1O-C1CC1CCC-Cl,0.15079365079365079
9,c1cccnc1-c1ccc(o1)-c1cccnc1O-C1CC1CCC-c1ccoc1,0.15328467153284672
9,c1cccnc1-c1ccc(o1)-c1cccnc1O-C1CC1CCC-c1ccncc1,0.15827338129496402
9,c1cccnc1-c1ccc(o1)-c1cccnc1O-C(F)(F)F-C1CC1CCC-C1COCCN1,-1.0
9,c1cccnc1-c1ccc(o1)-c1cccnc1O-C1CC1CCC-C#N,0.14728682170542637
9,c1cccnc1-c1ccc(o1)-c1cccnc1O-C1CC1CCC-F,0.16
10,c1cccnc1-c1ccc(o1)-c1cccnc1O-Cc1ccccc1-C1CC1CCC-C,0.16083916083916083
10,c1cccnc1-c1ccc(o1)-c1cccnc1O-Cc1ccccc1-C1CC1CCC-C(F)(F)F,0.2013888888888889
10,c1cccnc1-c1ccc(o1)-c1cccnc1O-Cc1ccccc1-C1CC1CCC-c1ccsc1,0.14743589743589744
10,c1cccnc1-c1ccc(o1)-c1cccnc1O-Cc1ccccc1-C1CC1CCC-c1ccon1,0.14743589743589744
10,c1cccnc1-c1ccc(o1)-c1cccnc1O-Cc1ccccc1-C1CC1CCC-C1CCCCC1,0.1375
10,c1cccnc1-c1ccc(o1)-c1cccnc1O-Cc1ccccc1-C1CC1CCC-N(=O)=O,0.1554054054054054
10,c1cccnc1-c1ccc(o1)-c1cccnc1O-Cc1ccccc1-C1CC1CCC-C1CC1,0.14666666666666667
10,c1cccnc1-c1ccc(o1)-c1cccnc1O-Cc1ccccc1-C1CC1CCC-CC,0.15753424657534246
11,c1cccnc1-c1ccc(o1)-c1cccnc1O-Cc1ccccc1-C1CC1CCC-C(F)(F)F-C1CCCCC1,-1.0
11,c1cccnc1-c1ccc(o1)-c1cccnc1O-Cc1ccccc1-C1CC1CCC-C(F)(F)F-N(=O)=O,-1.0
11,c1cccnc1-c1ccc(o1)-c1cccnc1O-Cc1ccccc1-C1CC1CCC-C(F)(F)F-c1ccncc1,-1.0
11,c1cccnc1-c1ccc(o1)-c1cccnc1O-Cc1ccccc1-C1CC1CCC-C(F)(F)F-c1ccccc1,-1.0
11,c1cccnc1-c1ccc(o1)-c1cccnc1O-Cc1ccccc1-C1CC1CCC-C(F)(F)FC(F)F,-1.0
11,c1cccnc1-c1ccc(o1)-c1cccnc1O-Cc1ccccc1-C1CC1CCC-C(F)(F)F-C(=O)C,-1.0
11,c1cccnc1-c1ccc(o1)-c1cccnc1O-Cc1ccccc1-C1CC1CCC-C(F)(F)F-C1CCCC1,-1.0
11,c1cccnc1-c1ccc(o1)-c1cccnc1O-Cc1ccccc1-C1CC1CCC-C(F)(F)F-c1ccon1,-1.0
12,c1cccnc1-c1ccc(o1)-c1cccnc1O-Cc1ccccc1-C1CC1CCC-C(F)(F)F-C1CCCCC1Cc1ccccc1,-1.0
12,c1cccnc1-c1ccc(o1)-c1cccnc1O-Cc1ccccc1-C1CC1CCC-C(F)(F)F-C1CCCCC1-c1ccon1,-1.0
12,c1cccnc1-c1ccc(o1)-c1cccnc1O-Cc1ccccc1-C1CC1CCC-C(F)(F)F-C1CCCCC1-C1CCC1,-1.0
12,c1cccnc1-c1ccc(o1)-c1cccnc1O-Cc1ccccc1-C1CC1CCC-C(F)(F)F-C1CCCCC1Br,-1.0
12,c1cccnc1-c1ccc(o1)-c1cccnc1O-Cc1ccccc1-C1CC1CCC-C(F)(F)F-C1CCCCC1N,-1.0
12,c1cccnc1-c1ccc(o1)-c1cccnc1O-Cc1ccccc1-C1CC1CCC-C(F)(F)F-C1CCCCC1C,-1.0
12,c1cccnc1-c1ccc(o1)-c1cccnc1O-Cc1ccccc1-C1CC1CCC-C(F)(F)F-C1CCCCC1-C1CCCC1,-1.0
12,c1cccnc1-c1ccc(o1)-c1cccnc1O-Cc1ccccc1-C1CC1CCC-C(F)(F)F-C1CCCCC1-c1ccccc1,-1.0
13,c1cccnc1-c1ccc(o1)-c1cccnc1O-Cc1ccccc1-C1CC1CCC-C(F)(F)F-C1CCCCC1Cc1ccccc1N(=O)=O,-1.0
13,c1cccnc1-c1ccc(o1)-c1cccnc1O-Cc1ccccc1-C1CC1CCC-C(F)(F)F-C1CCCCC1Cc1ccccc1-C1CCNCC1,-1.0
13,c1cccnc1-c1ccc(o1)-c1cccnc1O-Cc1ccccc1-C1CC1CCC-C(F)(F)F-C1CCCCC1Cc1ccccc1C(=O)O,-1.0
13,c1cccnc1-c1ccc(o1)-c1cccnc1O-Cc1ccccc1-C1CC1CCC-C(F)(F)F-C1CCCCC1Cc1ccccc1-C1CCNC1,-1.0
13,c1cccnc1-c1ccc(o1)-c1cccnc1O-Cc1ccccc1-C1CC1CCC-C(F)(F)F-C1CCCCC1Cc1ccccc1-c1ccsc1,-1.0
13,c1cccnc1-c1ccc(o1)-c1cccnc1O-Cc1ccccc1-C1CC1CCC-C(F)(F)F-C1CCCCC1Cc1ccccc1-C1CCC1,-1.0
13,c1cccnc1-c1ccc(o1)-c1cccnc1O-Cc1ccccc1-C1CC1CCC-C(F)(F)F-C1CCCCC1Cc1ccccc1-c1c[nH]cn1,-1.0
13,c1cccnc1-c1ccc(o1)-c1cccnc1O-Cc1ccccc1-C1CC1CCC-C(F)(F)F-C1CCCCC1Cc1ccccc1Cl,-1.0
14,c1cccnc1-c1ccc(o1)-c1cccnc1O-Cc1ccccc1-C1CC1CCC-C(F)(F)F-C1CCCCC1Cc1ccccc1N(=O)=O-C,-1.0
14,c1cccnc1-c1ccc(o1)-c1cccnc1O-Cc1ccccc1-C1CC1CCC-C(F)(F)F-C1CCCCC1Cc1ccccc1N(=O)=O-C1CC1,-1.0
14,c1cccnc1-c1ccc(o1)-c1cccnc1O-Cc1ccccc1-C1CC1CCC-C(F)(F)F-C1CCCCC1Cc1ccccc1N(=O)=O-C1CCCC1,-1.0
14,c1cccnc1-c1ccc(o1)-c1cccnc1O-Cc1ccccc1-C1CC1CCC-C(F)(F)F-C1CCCCC1Cc1ccccc1N(=O)=O-C1CCC1,-1.0
14,c1cccnc1-c1ccc(o1)-c1cccnc1O-Cc1ccccc1-C1CC1CCC-C(F)(F)F-C1CCCCC1Cc1ccccc1N(=O)=O-C#N,-1.0
14,c1cccnc1-c1ccc(o1)-c1cccnc1O-Cc1ccccc1-C1CC1CCC-C(F)(F)F-C1CCCCC1Cc1ccccc1N(=O)=O-c1ccsn1,-1.0
14,c1cccnc1-c1ccc(o1)-c1cccnc1O-Cc1ccccc1-C1CC1CCC-C(F)(F)F-C1CCCCC1Cc1ccccc1N(=O)=O-S(=O)(=O),-1.0
14,c1cccnc1-c1ccc(o1)-c1cccnc1O-Cc1ccccc1-C1CC1CCC-C(F)(F)F-C1CCCCC1Cc1ccccc1N(=O)=O-c1ccsc1,-1.0
15,c1cccnc1-c1ccc(o1)-c1cccnc1O-Cc1ccccc1-C1CC1CCC-C(F)(F)F-C1CCCCC1Cc1ccccc1N(=O)=O-C1CCNCC1,-1.0
15,c1cccnc1-c1ccc(o1)-c1cccnc1O-Cc1ccccc1-C1CC1CCC-C(F)(F)F-C1CCCCC1Cc1ccccc1N(=O)=O-C,-1.0
15,c1cccnc1-c1ccc(o1)-c1cccnc1O-Cc1ccccc1-C1CC1CCC-C1CC1-C1CCCCC1Cc1ccccc1N(=O)=O-C,-1.0
15,c1cccnc1-c1ccc(o1)-c1cccnc1O-Cc1ccccc1-C1CC1CCC-C(F)(F)F-C1CCCCC1Cc1ccccc1N(=O)=O-C1CCCCC1,-1.0
15,c1cccnc1-c1ccc(o1)-c1cccnc1O-Cc1ccccc1-C1CC1CCC-C(F)(F)F-C1CCCC1Cc1ccccc1N(=O)=O-C,-1.0
15,c1cccnc1-c1ccc(o1)-c1cccnc1O-Cc1ccccc1-C1CC1CCC-C(F)(F)F-C1CCCCC1Cc1ccccc1N(=O)=O-C(F)(F)F,-1.0
15,c1cccnc1-c1ccc(o1)-c1cccnc1O-Cc1ccccc1-C1CC1CCC-C(F)(F)F-C1CCCCC1Cc1ccccc1N(=O)=O-Cl,-1.0
15,c1cccnc1-c1ccc(o1)-c1cccnc1O-Cc1ccccc1-C1CC1CCC-C(F)(F)F-C1CCCCC1Cc1ccccc1N(=O)=O-CC,-1.0
16,c1cccnc1-c1ccc(o1)-c1cccnc1O-Cc1ccccc1-C1CC1CCC-C(F)(F)F-C1CCCCC1Cc1ccccc1N(=O)=O-C1CCNCC1-C1CCNC1,-1.0
16,c1cccnc1-c1ccc(o1)-c1cccnc1O-Cc1ccccc1-C1CC1CCC-C(F)(F)F-C1CCCCC1Cc1ccccc1N(=O)=O-C1CCNCC1-C1CCCCC1,-1.0
16,c1cccnc1-c1ccc(o1)-c1cccnc1O-Cc1ccccc1-C1CC1CCC-C(F)(F)F-C1CCCCC1Cc1ccccc1N(=O)=O-C1CCNCC1-C(F)(F)F,-1.0
16,c1cccnc1-c1ccc(o1)-c1cccnc1O-Cc1ccccc1-C1CC1CCC-C(F)(F)F-C1CCCCC1Cc1ccccc1N(=O)=O-C1CCNCC1-c1ccsc1,-1.0
16,c1cccnc1-c1ccc(o1)-c1cccnc1O-Cc1ccccc1-C1CC1CCC-C(F)(F)F-C1CCCCC1Cc1ccccc1N(=O)=O-C1CCNCC1-c1ccsn1,-1.0
16,c1cccnc1-c1ccc(o1)-c1cccnc1O-Cc1ccccc1-C1CC1CCC-C(F)(F)F-C1CCCCC1Cc1ccccc1N(=O)=O-C1CCNCC1-Cc1ccccc1,-1.0
16,c1cccnc1-c1ccc(o1)-c1cccnc1O-Cc1ccccc1-C1CC1CCC-C(F)(F)F-C1CCCCC1Cc1ccccc1N(=O)=O-C1CCNCC1-C1CCCC1,-1.0
16,c1cccnc1-c1ccc(o1)-c1cccnc1O-Cc1ccccc1-C1CC1CCC-C(F)(F)F-C1CCCCC1Cc1ccccc1N(=O)=O-C1CCNCC1-O,-1.0
17,c1cccnc1-c1ccc(o1)-c1cccnc1O-Cc1ccccc1-C1CC1CCC-C(F)(F)F-C1CCCCC1Cc1ccccc1N(=O)=O-C1CCNCC1-C1CCNC1-N,-1.0
17,c1cccnc1-c1ccc(o1)-c1cccnc1O-Cc1ccccc1-C1CC1CCC-C(F)(F)F-C1CCCCC1Cc1ccccc1N(=O)=O-C1CCNCC1-C1CCNC1-N,-1.0
17,c1cccnc1-c1ccc(o1)-c1cccnc1O-Cc1ccccc1-C1CC1CCC-C(F)(F)F-C1CCCCC1Cc1ccccc1N(=O)=O-C1CCNCC1-C1CCNC1-N,-1.0
17,c1cccnc1-c1ccc(o1)-c1cccnc1O-Nc1ccccc1-C1CC1CCC-C(F)(F)F-C1CCCCC1Cc1ccccc1N(=O)=O-C1CCNCC1-C1CCNC1-N,-1.0
17,c1cccnc1-c1ccc(o1)-c1cccnc1S-Cc1ccccc1-C1CC1CCC-C(F)(F)F-C1CCCCC1Cc1ccccc1N(=O)=O-C1CCNCC1-C1CCNC1-N,-1.0
17,c1cccnc1-c1ccc(o1)-c1cccnc1O-Cc1ccccc1-C1CC1CCC-C(F)(F)F-C1CCCCC1Cc1ccccc1N(=O)=O-C1CCNCC1-C1CCNC1-N,-1.0
17,c1cccnc1-c1ccc(o1)-c1cccnc1O-Nc1ccccc1-C1CC1CCC-C(F)(F)F-C1CCCCC1Cc1ccccc1N(=O)=O-C1CCNCC1-C1CCNC1-N,-1.0
17,c1cccnc1-c1ccc(o1)-c1cccnc1O-Cc1ccccc1-C1CC1CCC-C(F)(F)F-C1CCCCC1Cc1ccccc1O(=O)=O-C1CCNCC1-C1CCNC1-N,-1.0
18,c1cccnc1-c1ccc(o1)-c1cccnc1S-Cc1ccccc1-C1CC1CCC-C(F)(F)F-C1CCCCC1Cc1ccccc1O(=O)=O-C1CCNCC1-C1CCNC1-N,-1.0
18,c1cccnc1-c1ccc(o1)-c1cccnc1S-Cc1ccccc1-C1CC1CCC-C(F)(F)F-C1CCCCC1Cc1ccccc1O(=O)=O-C1CCOCC1-C1CCNC1-N,-1.0
18,c1cccnc1-c1ccc(o1)-c1cccnc1S-Cc1ccccc1-C1CC1CCC-C(F)(F)F-C1CCCCC1Cc1ccccc1O(=O)=O-C1CCOCC1-C1CCNC1-N,-1.0
18,c1cccnc1-c1ccc(o1)-c1cccnc1S-Cc1ccccc1-C1CC1CCC-C(F)(F)F-C1CCCCC1Cc1ccccc1S(=O)=O-C1CCNCC1-C1CCNC1-N,-1.0
18,c1cccnc1-c1ccc(o1)-c1cccnc1S-Cc1ccccc1-C1CC1CCC-C(F)(F)F-C1CCCCC1Cc1ccccc1S(=O)=O-C1CCNCC1-C1CCNC1-N,-1.0
18,c1cccnc1-c1ccc(o1)-c1cccnc1S-Cc1ccccc1-C1CC1CCC-C(F)(F)F-C1CCCCC1Cc1ccccc1S(=O)=O-C1CCNCC1-C1CCNC1-N,-1.0
18,c1cccnc1-c1ccc(o1)-c1cccnc1S-Cc1ccccc1-C1CC1CCC-C(F)(F)F-C1CCCCC1Cc1ccccc1O(=O)=O-C1CCNCC1-C1CCNC1-N,-1.0
18,c1cccnc1-c1ccc(o1)-c1cccnc1S-Cc1ccccc1-C1CC1CCC-C(F)(F)F-C1CCCCC1Cc1ccccc1O(=O)=O-C1CCNCC1-C1CCNC1-N,-1.0
19,c1cccnc1-c1ccc(o1)-c1cccnc1S-Cc1ccccc1-C1CC1CCC-C(F)(F)F-C1CCCCC1Cc1ccccc1O(=O)=O-C1CCOCC1-C1CCNC1-N,-1.0
19,c1cccnc1-c1ccc(o1)-c1cccnc1S-Cc1ccccc1-C1CC1CCC-C(F)(F)F-C1CCCCC1Cc1ccccc1O(=O)=O-C1CCOCC1-C1CCNC1-N,-1.0
19,c1cccnc1-c1ccc(o1)-c1cccnc1S-Cc1ccsc1-C1CC1CCC-C(F)(F)F-C1CCCCC1Cc1ccccc1O(=O)=O-C1CCOCC1-C1CCNC1-N,-1.0
19,c1cccnc1-c1ccc(o1)-c1cccnc1S-Cc1ccccc1-C1CC1CCC-C(F)(F)F-C1CCCCC1Cc1ccccc1S(=O)=O-C1CCOCC1-C1CCNC1-N,-1.0
19,c1cccnc1-c1ccc(o1)-c1cccnc1S-Cc1ccccc1-C1CC1CCC-C(F)(F)F-C1CCCCC1Cc1ccccc1S(=O)=O-C1CCOCC1-C1CCNC1-N,-1.0
19,c1cccnc1-c1ccc(o1)-c1cccnc1S-Cc1ccccc1-C1CC1CCC-C(F)(F)F-C1CCCCC1Cc1ccccc1O(=O)=O-C1CCOCC1-C1CCNC1-N,-1.0
19,c1cccnc1-c1ccc(o1)-c1cccnc1S-Nc1ccccc1-C1CC1CCC-C(F)(F)F-C1CCCCC1Cc1ccccc1O(=O)=O-C1CCOCC1-C1CCNC1-N,-1.0
19,c1cccnc1-c1ccc(o1)-c1cccnc1S-Nc1ccccc1-C1CC1CCC-C(F)(F)F-C1CCCCC1Cc1ccccc1O(=O)=O-C1CCOCC1-C1CCNC1-N,-1.0
20,c1cccnc1-c1ccc(o1)-c1cccnc1S-Cc1ccsc1-C1CC1CCC-C(F)(F)F-C1CCCCC1Cc1ccccc1O(=O)=O-C1CCOCC1-C1CCNC1-NF,-1.0
20,c1cccnc1-c1ccc(o1)-c1cccnc1S-Cc1ccsc1-C1CC1CCC-C(F)(F)F-C1CCCCC1Cc1ccccc1O(=O)=O-C1CCOCC1-C1CCNC1-NF,-1.0
20,c1cccnc1-c1ccc(o1)-c1cccnc1S-Nc1ccsc1-C1CC1CCC-C(F)(F)F-C1CCCCC1Cc1ccccc1O(=O)=O-C1CCOCC1-C1CCNC1-NF,-1.0
20,c1cccnc1-c1ccc(o1)-c1cccnc1S-Cc1ccsc1-C1CC1CCC-C(F)(F)F-C1CCCCC1Cc1ccccc1S(=O)=O-C1CCOCC1-C1CCNC1-NF,-1.0
20,c1cccnc1-c1ccc(o1)-c1cccnc1S-Cc1ccsc1-C1CC1CCC-C(F)(F)F-C1CCCCC1Cc1ccccc1S(=O)=O-C1CCOCC1-C1CCNC1-NF,-1.0
20,c1cccnc1-c1ccc(o1)-c1cccnc1S-Cc1ccsc1-C1CC1CCC-C(F)(F)F-C1CCCCC1Cc1ccccc1S(=O)=O-C1CCOCC1-C1CCNC1-NF,-1.0
20,c1cccnc1-c1ccc(o1)-c1cccnc1S-Cc1ccsc1-C1CC1CCC-C(F)(F)F-C1CCCCC1Cc1ccccc1O(=O)=O-C1CCOCC1-C1CCOC1-NF,-1.0
20,c1cccnc1-c1ccc(o1)-c1cccnc1S-Cc1ccsc1-C1CC1CCC-C(F)(F)F-C1CCCCC1Cc1ccccc1O(=O)=O-C1CCOCC1-C1CCNC1-NF,-1.0
21,c1cccnc1-c1ccc(o1)-c1cccnc1S-Nc1ccsc1-C1CC1CCC-C(F)(F)F-C1CCCCC1Cc1ccccc1S(=O)=O-C1CCOCC1-C1CCNC1-NF,-1.0
21,c1cccnc1-c1ccc(o1)-c1cccnc1S-Nc1ccsc1-C1CC1CCC-C(F)(F)F-C1CCCCC1Cc1ccccc1S(=O)=O-C1CCOCC1-C1CCNC1-NF,-1.0
21,c1cccnc1-c1ccc(o1)-c1cccnc1S-Oc1ccsc1-C1CC1CCC-C(F)(F)F-C1CCCCC1Cc1ccccc1S(=O)=O-C1CCOCC1-C1CCNC1-NF,-1.0
21,c1cccnc1-c1ccc(o1)-c1cccnc1S-Nc1ccsc1-C1CC1CCC-C(F)(F)F-C1CCCCC1Cc1ccccc1S(=S)=O-C1CCOCC1-C1CCNC1-NF,-1.0
21,c1cccnc1-c1ccc(o1)-c1cccnc1S-Nc1ccsc1-C1CC1CCC-C(F)(F)F-C1CCCCC1Cc1ccccc1S(=S)=O-C1CCOCC1-C1CCNC1-NF,-1.0
21,c1cccnc1-c1ccc(o1)-c1cccnc1S-Nc1ccsc1-C1CC1CCC-C(F)(F)F-C1CCCCC1Cc1ccccc1S(=O)=O-C1CCOCC1-C1CCNC1-NF,-1.0
21,c1cccnc1-c1ccc(o1)-c1cccnc1S-Nc1ccsc1-C1CC1CCC-C(F)(F)F-C1CCCCC1Cc1ccccc1S(=O)=O-C1CCOCC1-C1CCNC1-NF,-1.0
21,c1cccnc1-c1ccc(o1)-c1cccnc1S-Nc1ccsc1-C1CC1CCC-C(F)(F)F-C1CCCCC1Cc1ccccc1S(=O)=O-C1CCOCC1-C1CCNC1-NF,-1.0
22,c1cccnc1-c1ccc(o1)-c1cccnc1S-Oc1ccsc1-C1CC1CCC-C(F)(F)F-C1CCCCC1Cc1ccccc1S(=O)=O-C1CCOCC1-C1CCNC1-NO,-1.0
22,c1cccnc1-c1ccc(o1)-c1cccnc1S-Oc1ccsc1-C1CC1CCC-C(F)(F)F-C1CCCCC1Cc1ccccc1S(=O)=O-C1CCOCC1-C1CCOC1-NO,-1.0
22,c1cccnc1-c1ccc(o1)-c1cccnc1S-Oc1ccsc1-C1CC1CCC-C(F)(F)F-C1CCCCC1Cc1ccccc1S(=O)=O-C1CCOCC1-C1CCOC1-NO,-1.0
22,c1cccnc1-c1ccc(o1)-c1cccnc1S-Oc1ccsc1-N1CC1CCC-C(F)(F)F-C1CCCCC1Cc1ccccc1S(=O)=O-C1CCOCC1-C1CCNC1-NO,-1.0
22,c1cccnc1-c1ccc(o1)-c1cccnc1S-Oc1ccsc1-C1CC1CCC-C(F)(F)F-C1CCCCC1Cc1ccccc1S(=O)=O-C1CCOCC1-C1CCOC1-NO,-1.0
22,c1cccnc1-c1ccc(o1)-c1cccnc1S-Oc1ccsc1-N1CC1CCC-C(F)(F)F-C1CCCCC1Cc1ccccc1S(=O)=O-C1CCOCC1-C1CCNC1-NO,-1.0
22,c1cccnc1-c1ccc(o1)-c1cccnc1S-Oc1ccsc1-N1CC1CCC-C(F)(F)F-C1CCCCC1Cc1ccccc1S(=O)=O-C1CCOCC1-C1CCNC1-NO,-1.0
22,c1cccnc1-c1ccc(o1)-c1cccnc1S-Oc1ccsc1-C1CC1CCC-C(F)(F)F-C1CCCCC1Cc1ccccc1S(=O)=O-C1CCOCC1-C1CCNC1-NO,-1.0
23,c1cccnc1-c1ccc(o1)-c1cccnc1S-Oc1ccsc1-N1CC1CCC-C(F)(F)F-C1CCCCC1Cc1ccccc1S(=O)=O-C1CCOCC1-C1CCNC1-NO,-1.0
23,c1cccnc1-c1ccc(o1)-c1cccnc1S-Oc1ccsc1-O1CC1CCC-C(F)(F)F-C1CCCCC1Cc1ccccc1S(=O)=O-C1CCOCC1-C1CCNC1-NO,-1.0
23,c1cccnc1-c1ccc(o1)-c1cccnc1S-Oc1ccsc1-N1CC1CCC-C(F)(F)F-C1CCCCC1Cc1ccccc1S(=O)=O-C1CCOCC1-C1CCNC1-NO,-1.0
23,c1cccnc1-c1ccc(o1)-c1cccnc1S-Oc1ccsc1-O1CC1CCC-C(F)(F)F-C1CCCCC1Cc1ccccc1S(=O)=O-C1CCOCC1-C1CCNC1-NO,-1.0
23,c1cccnc1-c1ccc(o1)-c1cccnc1S-Oc1ccsc1-N1CC1CCC-C(F)(F)F-C1CCCCC1Cc1ccccc1S(=O)=O-C1CCOCC1-C1CCNC1-NO,-1.0
23,c1cccnc1-c1ccc(o1)-c1cccnc1S-Oc1ccsc1-N1CC1CCC-C(F)(F)F-C1CCCCC1Cc1ccccc1S(=O)=O-C1CCOCC1-C1CCNC1-NO,-1.0
23,c1cccnc1-c1ccc(o1)-c1cccnc1S-Sc1ccsc1-N1CC1CCC-C(F)(F)F-C1CCCCC1Cc1ccccc1S(=O)=O-C1CCOCC1-C1CCNC1-NO,-1.0
23,c1cccnc1-c1ccc(o1)-c1cccnc1S-Oc1ccsc1-N1NC1CCC-C(F)(F)F-C1CCCCC1Cc1ccccc1S(=O)=O-C1CCOCC1-C1CCNC1-NO,-1.0
24,c1cccnc1-c1ccc(o1)-c1cccnc1S-Sc1ccsc1-N1CC1CCC-C(F)(F)F-C1CCCCC1Cc1ccccc1S(=O)=O-C1CCOCC1-C1CCNC1-O,-1.0
24,c1cccnc1-c1ccc(o1)-c1cccnc1S-Sc1ccsc1-N1CC1CCC-C(F)(F)F-C1CCCCC1Cc1ccccc1S(=O)=O-C1CCOCC1-C1CCNC1-O,-1.0
24,c1cccnc1-c1ccc(o1)-c1cccnc1S-Sc1ccsc1-N1CC1CCC-C(F)(F)F-C1CCCCC1Cc1ccccc1S(=O)=O-C1CCOCC1-C1CCNC1-OC,-1.0
24,c1cccnc1-c1ccc(o1)-c1cccnc1S-Sc1ccsc1-N1CC1CCC-C(F)(F)F-C1CCCCC1Cc1ccccc1S(=O)=O-C1CCOCC1-C1CCNC1-O,-1.0
24,c1cccnc1-c1ccc(o1)-c1cccnc1S-Sc1ccsc1-N1NC1CCC-C(F)(F)F-C1CCCCC1Cc1ccccc1S(=O)=O-C1CCOCC1-C1CCNC1-O,-1.0
24,c1cccnc1-c1ccc(o1)-c1cccnc1S-Sc1ccsc1-N1CC1CCC-C(F)(F)F-C1CCCCC1Cc1ccccc1S(=O)=O-C1CCOCC1-C1CCNC1-O,-1.0
24,c1cccnc1-c1ccc(o1)-c1cccnc1S-Sc1ccsc1-N1NC1CCC-C(F)(F)F-C1CCCCC1Cc1ccccc1S(=O)=O-C1CCOCC1-C1CCNC1-O,-1.0
24,c1cccnc1-c1ccc(o1)-c1cccnc1S-Sc1ccsc1-O1CC1CCC-C(F)(F)F-C1CCCCC1Cc1ccccc1S(=O)=O-C1CCOCC1-C1CCNC1-O,-1.0
25,c1cccnc1-c1ccc(o1)-c1cccnc1S-Sc1ccsc1-N1CC1CCC-C(F)(F)F-C1CCCCC1Cc1ccccc1S(=S)=O-C1CCOCC1-C1CCNC1-OC,-1.0
25,c1cccnc1-c1ccc(o1)-c1cccnc1S-Sc1ccsc1-N1CC1CCC-C(F)(F)F-C1CCCCC1Cc1ccccc1S(=S)=S-C1CCOCC1-C1CCNC1-OC,-1.0
25,c1cccnc1-c1ccc(o1)-c1cccnc1S-Sc1ccsc1-N1NC1CCC-C(F)(F)F-C1CCCCC1Cc1ccccc1S(=S)=O-C1CCOCC1-C1CCNC1-OC,-1.0
25,c1cccnc1-c1ccc(o1)-c1cccnc1S-Sc1ccsc1-N1NC1CCC-C(F)(F)F-C1CCCCC1Cc1ccccc1S(=S)=O-C1CCOCC1-C1CCNC1-OC,-1.0
25,c1cccnc1-c1ccc(o1)-c1cccnc1S-Sc1ccsc1-O1CC1CCC-C(F)(F)F-C1CCCCC1Cc1ccccc1S(=S)=O-C1CCOCC1-C1CCNC1-OC,-1.0
25,c1cccnc1-c1ccc(o1)-c1cccnc1S-Sc1ccsc1-N1CC1CCC-C(F)(F)F-C1CCCCC1Cc1ccccc1S(=S)=O-C1CCOCC1-C1CCNC1-OC,-1.0
25,c1cccnc1-c1ccc(o1)-c1cccnc1S-Sc1ccsc1-N1CC1CCC-C(F)(F)F-C1CCCCC1Cc1ccccc1S(=S)=S-C1CCOCC1-C1CCNC1-OC,-1.0
25,c1cccnc1-c1ccc(o1)-c1cccnc1S-Sc1ccsc1-N1CC1CCC-C(F)(F)F-C1CCCCC1Cc1ccccc1S(=S)=S-C1CCOCC1-C1CCNC1-OC,-1.0
26,c1cccnc1-c1ccc(o1)-c1cccnc1S-Sc1ccsc1-O1CC1CCC-C(F)(F)F-C1CCCCC1Cc1ccccc1S(=S)=O-C1CCOCC1-C1CCOC1-OC,-1.0
26,c1cccnc1-c1ccc(o1)-c1cccnc1S-Sc1ccsc1-O1CC1CCC-C(F)(F)F-C1CCCCC1Cc1ccccc1S(=S)=O-C1CCOCC1-C1CCOC1-OC,-1.0
26,c1cccnc1-c1ccc(o1)-c1cccnc1S-Sc1ccsc1-O1CC1CCC-C(F)(F)F-C1CCCCC1Cc1ccccc1S(=S)=O-C1CCOCC1-C1CCOC1-OC,-1.0
26,c1cccnc1-c1ccc(o1)-c1cccnc1S-Sc1ccsc1-O1CC1CCC-C(F)(F)F-C1CCCCC1Cc1ccccc1S(=S)=O-C1CCOCC1-C1CCOC1-OC,-1.0
26,c1cccnc1-c1ccc(o1)-c1cccnc1S-Sc1ccsc1-O1CC1CCC-C(F)(F)F-C1CCCCC1Cc1ccccc1S(=S)=O-C1CCOCC1-C1CCOC1-OC,-1.0
26,c1cccnc1-c1ccc(o1)-c1cccnc1S-Sc1ccsc1-O1NC1CCC-C(F)(F)F-C1CCCCC1Cc1ccccc1S(=S)=O-C1CCOCC1-C1CCOC1-OC,-1.0
26,c1cccnc1-c1ccc(o1)-c1cccnc1S-Sc1ccsc1-O1CC1CCC-C(F)(F)F-C1CCCCC1Cc1ccccc1S(=S)=O-C1CCOCC1-C1CCOC1-OC,-1.0
26,c1cccnc1-c1ccc(o1)-c1cccnc1S-Sc1ccsc1-O1NC1CCC-C(F)(F)F-C1CCCCC1Cc1ccccc1S(=S)=O-C1CCOCC1-C1CCOC1-OC,-1.0
27,c1cccnc1-c1ccc(o1)-c1cccnc1S-Sc1ccsc1-O1NN1CCC-C(F)(F)F-C1CCCCC1Cc1ccccc1S(=S)=O-C1CCOCC1-C1CCOC1-OC,-1.0
27,c1cccnc1-c1ccc(o1)-c1cccnc1S-Sc1ccsc1-O1ON1CCC-C(F)(F)F-C1CCCCC1Cc1ccccc1S(=S)=O-C1CCOCC1-C1CCOC1-OC,-1.0
27,c1cccnc1-c1ccc(o1)-c1cccnc1S-Sc1ccsc1-O1NN1CCC-C(F)(F)F-C1CCCCC1Cc1ccccc1S(=S)=O-C1CCOCC1-C1CCOC1-OC,-1.0
27,c1cccnc1-c1ccc(o1)-c1cccnc1S-Sc1ccsc1-O1NN1NCC-C(F)(F)F-C1CCCCC1Cc1ccccc1S(=S)=O-C1CCOCC1-C1CCOC1-OC,-1.0
27,c1cccnc1-c1ccc(o1)-c1cccnc1S-Sc1ccsc1-O1ON1CCC-C(F)(F)F-C1CCCCC1Cc1ccccc1S(=S)=O-C1CCOCC1-C1CCOC1-OC,-1.0
27,c1cccnc1-c1ccc(o1)-c1cccnc1S-Sc1ccsc1-O1ON1CCC-C(F)(F)F-C1CCCCC1Cc1ccccc1S(=S)=O-C1CCOCC1-C1CCOC1-OC,-1.0
27,c1cccnc1-c1ccc(o1)-c1cccnc1S-Sc1ccsc1-O1ON1CCC-C(F)(F)F-C1CCCCC1Cc1ccccc1S(=S)=O-C1CCOCC1-C1CCOC1-OC,-1.0
27,c1cccnc1-c1ccc(o1)-c1cccnc1S-Sc1ccsc1-S1NN1CCC-C(F)(F)F-C1CCCCC1Cc1ccccc1S(=S)=O-C1CCOCC1-C1CCOC1-OC,-1.0
28,c1cccnc1-c1ccc(o1)-c1cccnc1S-Sc1ccsc1-O1NN1NCC-C(F)(F)F-C1CCCCC1Cc1ccccc1S(=S)=O-C1CCOCC1-C1CCCCC1,-1.0
28,c1cccnc1-c1ccc(o1)-c1cccnc1S-Sc1ccsc1-O1NN1NCC-C(F)(F)F-C1CCCCC1Cc1ccccc1S(=S)=O-C1CCOCC1-C1CCCC1,-1.0
28,c1cccnc1-c1ccc(o1)-c1cccnc1S-Sc1ccsc1-S1NN1NCC-C(F)(F)F-C1CCCCC1Cc1ccccc1S(=S)=O-C1CCOCC1-C1CCCCC1,-1.0
28,c1cccnc1-c1ccc(o1)-c1cccnc1S-Sc1ccsc1-O1NN1NCC-C(F)(F)F-C1CCCCC1Cc1ccccc1S(=S)=O-C1CCOCC1-C1CCCCC1,-1.0
28,c1cccnc1-c1ccc(o1)-c1cccnc1S-Sc1ccsc1-O1NN1NNC-C(F)(F)F-C1CCCCC1Cc1ccccc1S(=S)=O-C1CCOCC1-C1CCCCC1,-1.0
28,c1cccnc1-c1ccc(o1)-c1cccnc1S-Sc1ccsc1-S1NN1NCC-C(F)(F)F-C1CCCCC1Cc1ccccc1S(=S)=O-C1CCOCC1-C1CCCCC1,-1.0
28,c1cccnc1-c1ccc(o1)-c1cccnc1S-Sc1ccsc1-O1NN1NNC-C(F)(F)F-C1CCCCC1Cc1ccccc1S(=S)=O-C1CCOCC1-C1CCCCC1,-1.0
28,c1cccnc1-c1ccc(o1)-c1cccnc1S-Sc1ccsc1-O1NN1NCC-C(F)(F)F-C1CCCCC1Cc1ccccc1S(=S)=O-C1CCOCC1-C1CCCCC1,-1.0
29,c1cccnc1-c1ccc(o1)-c1cccnc1S-Sc1ccsc1-O1NN1NCC-C(F)(F)F-C1CCCCC1Cc1ccccc1S(=S)=O-C1CCOCC1-C1CCCC1N,-1.0
29,c1cccnc1-c1ccc(o1)-c1cccnc1S-Sc1ccsc1-O1NN1NCC-C(F)(F)F-C1CCCCC1Cc1ccccc1S(=S)=O-C1CCOCC1-C1CCCC1CC,-1.0
29,c1cccnc1-c1ccc(o1)-c1cccnc1S-Sc1ccsc1-O1NN1NCC-C(F)(F)F-C1CCCCC1Cc1ccccc1S(=S)=O-C1CCOCC1-C1CCCC1CCC,-1.0
29,c1cccnc1-c1ccc(o1)-c1cccnc1S-Sc1ccsc1-O1NN1NCC-C(F)(F)F-C1CCCCC1Cc1ccccc1S(=S)=O-C1CCOCC1-C1CCCC1OC,-1.0
29,c1cccnc1-c1ccc(o1)-c1cccnc1S-Sc1ccsc1-O1NN1NCC-C(F)(F)F-C1CCCCC1Cc1ccccc1S(=S)=O-C1CCOCC1-C1CCCC1CCC,-1.0
29,c1cccnc1-c1ccc(o1)-c1cccnc1S-Sc1ccsc1-O1NN1NCC-C(F)(F)F-C1CCCCC1Cc1ccccc1S(=S)=O-C1CCOCC1-C1CCCC1OC,-1.0
29,c1cccnc1-c1ccc(o1)-c1cccnc1S-Sc1ccsc1-O1NN1NCC-C(F)(F)F-C1CCCCC1Cc1ccccc1S(=S)=O-C1CCOCC1-C1CCCC1OC,-1.0
29,c1cccnc1-c1ccc(o1)-c1cccnc1S-Sc1ccsc1-O1NN1NCC-C(F)(F)F-C1CCCCC1Cc1ccccc1S(=S)=O-C1CCOCC1-C1CCCC1N,-1.0
30,c1cccnc1-c1ccc(o1)-c1cccnc1S-Sc1ccsc1-O1NN1NCC-C(F)(F)F-C1CCCCC1Cc1ccccc1S(=S)=O-C1CCOCC1-C1CCCC1CCl,-1.0
30,c1cccnc1-c1ccc(o1)-c1cccnc1S-Sc1ccsc1-O1NN1NCC-C(F)(F)F-C1CCCCC1Cc1ccccc1S(=S)=O-C1CCOCC1-C1CCCC1CCC,-1.0
30,c1cccnc1-c1ccc(o1)-c1cccnc1S-Sc1ccsc1-O1NN1NCC-C(F)(F)F-C1CCCCC1Cc1ccccc1S(=S)=O-C1CCOCC1-C1CCCC1CCC,-1.0
30,c1cccnc1-c1ccc(o1)-c1cccnc1S-Sc1ccsc1-O1NN1NCC-C(F)(F)F-C1CCCCC1Cc1ccccc1S(=S)=O-C1CCOCC1-C1CCCC1CCl,-1.0
30,c1cccnc1-c1ccc(o1)-c1cccnc1S-Sc1ccsc1-O1NN1NCC-C(F)(F)F-C1CCCCC1Cc1ccccc1S(=S)=O-C1CCOCC1-C1CCCC1CCl,-1.0
30,c1cccnc1-c1ccc(o1)-c1cccnc1S-Sc1ccsc1-O1NN1NNC-C(F)(F)F-C1CCCCC1Cc1ccccc1S(=S)=O-C1CCOCC1-C1CCCC1CCl,-1.0
30,c1cccnc1-c1ccc(o1)-c1cccnc1S-Sc1ccsc1-S1NN1NCC-C(F)(F)F-C1CCCCC1Cc1ccccc1S(=S)=O-C1CCOCC1-C1CCCC1CCl,-1.0
30,c1cccnc1-c1ccc(o1)-c1cccnc1S-Sc1ccsc1-O1NN1NCC-C(F)(F)F-C1CCCCC1Cc1ccccc1S(=S)=O-C1CCOCC1-C1CCCC1CCl,-1.0
31,c1cccnc1-c1ccc(o1)-c1cccnc1S-Sc1ccsc1-O1NN1NNC-C(F)(F)F-C1CCCCC1Cc1ccccc1S(=S)=O-C1CCOCC1-C1CCCC1CCl,-1.0
31,c1cccnc1-c1ccc(o1)-c1cccnc1S-Sc1ccsc1-O1NN1NNN-C(F)(F)F-C1CCCCC1Cc1ccccc1S(=S)=O-C1CCOCC1-C1CCCC1CCl,-1.0
31,c1cccnc1-c1ccc(o1)-c1cccnc1S-Sc1ccsc1-S1NN1NNC-C(F)(F)F-C1CCCCC1Cc1ccccc1S(=S)=O-C1CCOCC1-C1CCCC1CCl,-1.0
31,c1cccnc1-c1ccc(o1)-c1cccnc1S-Sc1ccsc1-O1NN1NNN-C(F)(F)F-C1CCCCC1Cc1ccccc1S(=S)=O-C1CCOCC1-C1CCCC1CCl,-1.0
31,c1cccnc1-c1ccc(o1)-c1cccnc1S-Sc1ccsc1-O1NN1NNC-C(F)(F)F-C1CCCCC1Cc1ccccc1S(=S)=O-C1CCOCC1-C1CCCC1CCl,-1.0
31,c1cccnc1-c1ccc(o1)-c1cccnc1S-Sc1ccsc1-O1NN1NNC-C(F)(F)F-C1CCCCC1Cc1ccccc1S(=S)=O-C1CCOCC1-C1CCCC1CCl,-1.0
31,c1cccnc1-c1ccc(o1)-c1cccnc1S-Sc1ccsc1-O1ON1NNC-C(F)(F)F-C1CCCCC1Cc1ccccc1S(=S)=O-C1CCOCC1-C1CCCC1CCl,-1.0
31,c1cccnc1-c1ccc(o1)-c1cccnc1S-Sc1ccsc1-O1NN1NNN-C(F)(F)F-C1CCCCC1Cc1ccccc1S(=S)=O-C1CCOCC1-C1CCCC1CCl,-1.0
32,c1cccnc1-c1ccc(o1)-c1cccnc1S-Sc1ccsc1-S1ON1NNC-C(F)(F)F-C1CCCCC1Cc1ccccc1S(=S)=O-C1CCOCC1-C1CCCC1CCl,-1.0
32,c1cccnc1-c1ccc(o1)-c1cccnc1S-Sc1ccsc1-S1ON1NNN-C(F)(F)F-C1CCCCC1Cc1ccccc1S(=S)=O-C1CCOCC1-C1CCCC1CCl,-1.0
32,c1cccnc1-c1ccc(o1)-c1cccnc1S-Sc1ccsc1-S1SN1NNC-C(F)(F)F-C1CCCCC1Cc1ccccc1S(=S)=O-C1CCOCC1-C1CCCC1CCl,-1.0
32,c1cccnc1-c1ccc(o1)-c1cccnc1S-Sc1ccsc1-S1SN1NNC-C(F)(F)F-C1CCCCC1Cc1ccccc1S(=S)=O-C1CCOCC1-C1CCCC1CCl,-1.0
32,c1cccnc1-c1ccc(o1)-c1cccnc1S-Sc1ccsc1-S1ON1NNC-C(F)(F)F-C1CCCCC1Cc1ccccc1S(=S)=O-C1CCOCC1-C1CCCC1CCl,-1.0
32,c1cccnc1-c1ccc(o1)-c1cccnc1S-Sc1ccsc1-S1SN1NNC-C(F)(F)F-C1CCCCC1Cc1ccccc1S(=S)=O-C1CCOCC1-C1CCCC1CCl,-1.0
32,c1cccnc1-c1ccc(o1)-c1cccnc1S-Sc1ccsc1-S1ON1NNC-C(F)(F)F-C1CCCCC1Cc1ccccc1S(=S)=O-C1CCOCC1-C1CCCC1CCl,-1.0
32,c1cccnc1-c1ccc(o1)-c1cccnc1S-Sc1ccsc1-S1ON1NNC-C(F)(F)F-C1CCCCC1Cc1ccccc1S(=S)=O-C1CCOCC1-C1CCCC1CCl,-1.0
33,c1cccnc1-c1ccc(o1)-c1cccnc1S-Sc1ccsc1-S1ON1NNN-C(F)(F)F-C1CCCCC1Cc1ccccc1C-C1CCOCC1-C1CCCC1CCl,-1.0
33,c1cccnc1-c1ccc(o1)-c1cccnc1S-Sc1ccsc1-S1ON1NNN-C(F)(F)F-C1CCCCC1Cc1ccccc1N(=O)=O-C1CCOCC1-C1CCCC1CCl,-1.0
33,c1cccnc1-c1ccc(o1)-c1cccnc1S-Sc1ccsc1-S1ON1NNN-C(F)(F)F-C1CCCCC1Cc1ccccc1C-C1CCOCC1-C1CCCC1CCl,-1.0
33,c1cccnc1-c1ccc(o1)-c1cccnc1S-Sc1ccsc1-S1ON1NNN-C(F)(F)F-C1CCCCC1Cc1ccccc1C-C1CCOCC1-C1CCCC1CCl,-1.0
33,c1cccnc1-c1ccc(o1)-c1cccnc1S-Sc1ccsc1-S1SN1NNN-C(F)(F)F-C1CCCCC1Cc1ccccc1C-C1CCOCC1-C1CCCC1CCl,-1.0
33,c1cccnc1-c1ccc(o1)-c1cccnc1S-Sc1ccsc1-S1OO1NNN-C(F)(F)F-C1CCCCC1Cc1ccccc1C-C1CCOCC1-C1CCCC1CCl,-1.0
33,c1cccnc1-c1ccc(o1)-c1cccnc1S-Sc1ccsc1-S1SN1NNN-C(F)(F)F-C1CCCCC1Cc1ccccc1C-C1CCOCC1-C1CCCC1CCl,-1.0
33,c1cccnc1-c1ccc(o1)-c1cccnc1S-Sc1ccsc1-S1SN1NNN-C(F)(F)F-C1CCCCC1Cc1ccccc1C-C1CCOCC1-C1CCCC1CCl,-1.0
